Unnamed: 0,label,dict0,dict1,dict2,dict3,dict4,dict5,dict6,dict7,dict8,dict9,dict10,dict11,dict12,dict13,dict14,dict15,dict16,dict17,dict18,dict19
20,0,-540.9214477539061,49.5455093383789,-2.481576681137085,-7.025367736816406,-6.217634677886963,6.256861209869385,1.5759787559509275,1.4203833341598509,2.787421464920044,4.22322416305542,1.6933518648147583,2.3600082397460938,-0.4753206968307495,0.8060795068740845,2.193793535232544,1.0190449953079224,0.7886857390403748,0.4037186801433563,1.9688745737075808,0.9724328517913818
48,1,-403.94573974609375,42.18309020996094,-48.52401733398438,-29.209644317626953,-27.261371612548828,-4.915144443511963,-19.465627670288086,-10.95535659790039,-11.382187843322756,-5.009431838989258,-0.8679064512252808,6.438582420349121,13.875463485717773,2.1190259456634517,2.201831579208374,2.991171836853028,-2.143096923828125,-4.791123390197754,-4.495168209075928,1.3774608373641968
117,2,-534.8995971679689,13.543390274047852,-1.901502013206482,2.136615037918091,-0.8911656737327576,0.6191301345825195,-0.5082734227180481,2.88435173034668,0.9424694776535034,1.5208271741867063,-0.6382543444633484,0.33047425746917725,0.8084402680397034,1.3953814506530762,0.1174408122897148,-0.3326144814491272,-1.0390051603317259,-0.8133126497268677,0.3572353720664978,0.7034954428672789
11,0,-251.5622711181641,162.00889587402344,12.225783348083494,0.7327652573585509,-16.66377067565918,3.530823945999145,-1.0427539348602295,-4.638871669769287,-1.620556354522705,0.8402920961380005,1.503000020980835,0.3260473906993866,1.9439774751663208,2.8913774490356445,5.293886184692383,2.738821029663086,3.856690645217896,7.677853107452393,12.338003158569336,13.533751487731935
30,0,-430.7451477050781,94.61778259277344,11.175371170043944,-7.447166442871094,-2.9301304817199707,-3.736931324005127,-8.832237243652344,0.1956694722175598,-0.3237389326095581,-6.488664150238037,-3.924625635147095,-3.7611064910888667,-3.7815892696380615,-0.0005072573549114168,4.797165393829347,8.094149589538574,0.4761223793029785,-5.2065157890319815,-2.0765943527221684,0.043283767998218536
41,1,-431.7779235839844,52.76708602905274,-32.000595092773445,7.911695957183838,-0.7942727208137512,14.756982803344727,-10.511768341064453,5.201588153839111,-0.7103061676025391,12.237600326538086,3.463075399398804,1.1003047227859497,-3.7706568241119385,0.8131083846092224,2.5326836109161377,2.873866558074951,3.1934523582458496,-1.841123342514038,-0.24543438851833346,1.1096765995025637
103,2,-322.7513122558594,120.37115478515624,2.3981893062591557,24.96022224426269,1.7101062536239624,4.064467906951903,1.1031054258346558,12.183419227600098,0.6407824754714966,5.598824501037598,6.181053638458253,3.1738781929016118,2.378767490386963,-4.116909980773927,-2.924311637878418,3.9635355472564697,5.292284965515137,2.418045282363892,3.9442844390869136,4.888391971588135
143,3,-346.5213317871094,137.43841552734378,6.314956188201903,0.8682206869125366,-5.016211986541748,-14.43285083770752,-1.1987968683242798,-1.1068025827407837,-10.133871078491213,-2.3330419063568115,6.041730880737305,-6.300220966339111,-12.357319831848145,-6.628459930419923,-9.954758644104004,-10.208746910095217,-0.5324078202247621,-0.7766261696815491,-5.267324447631836,0.2212689816951752
126,3,-192.9683837890625,150.4480743408203,-22.104248046875,-3.7308259010314937,-4.342241764068604,10.797969818115234,3.5946154594421387,7.311041831970215,2.463433265686035,5.628687381744385,2.2720093727111816,-0.11524811387062073,-4.248579502105713,-3.543596029281616,-5.996832847595215,-5.0691399574279785,-4.60118579864502,-4.002237796783446,-2.61816668510437,-2.4305191040039062
24,0,-562.475341796875,22.82734489440918,11.125082015991213,4.626622200012207,-3.7844147682189937,-0.8625259995460509,0.15626202523708346,-0.4384154975414276,-2.363586664199829,-1.0920428037643433,-2.1166062355041504,-0.5655829906463623,1.1428266763687134,1.0066471099853516,0.1063489466905594,-1.0616618394851685,-0.42630285024642944,-0.3318575322628021,-0.7400620579719543,-0.5293325781822205
49,1,-390.51153564453125,47.61437225341797,-12.309855461120605,-7.0829033851623535,-0.964660346508026,3.1877663135528564,-2.308501482009888,1.5064088106155396,-9.53039264678955,-2.4406652450561523,-3.0734453201293945,8.17741870880127,5.9856810569763175,4.4747748374938965,-4.328805446624757,-2.456716299057007,-2.9372947216033936,-0.3185715675354004,0.25478067994117737,0.6850430965423584
152,3,-406.2855224609375,88.01558685302734,-8.959952354431152,-6.414607524871826,-14.893037796020508,-12.47211456298828,-14.518502235412598,-8.2166748046875,-7.958493709564209,-4.974073886871338,-2.6118862628936768,-4.271644592285156,-1.3012957572937012,-0.3772842288017273,-3.791642904281616,-4.913948059082031,-4.0588088035583505,-3.859460830688477,-3.018336057662964,-4.4470648765563965
90,2,-196.77142333984372,150.85523986816406,-14.58429718017578,26.530208587646484,4.3894433975219735,-1.9682754278182983,-5.007856845855713,10.465752601623537,-4.667409896850586,3.1458895206451416,1.6427325010299685,-0.060295794159173965,3.4414210319519043,6.8708319664001465,0.0120151462033391,2.6806869506835938,1.6172622442245483,0.3275779187679291,0.12847410142421722,3.824367046356201
85,2,-152.27809143066406,149.1177978515625,-64.94549560546875,26.953065872192386,2.271108865737915,-9.222853660583496,-11.796156883239744,3.793402910232544,-2.8006482124328613,-2.0010535717010502,1.0148634910583496,5.573342323303223,6.167984485626222,3.0658440589904785,2.5865657329559326,0.5932655334472656,-3.2670626640319824,-7.716718196868896,3.3958404064178467,-2.414349317550659
79,1,-401.0455322265625,62.0106315612793,-18.84154510498047,3.680769681930542,-18.409032821655273,6.600766658782959,-0.154050812125206,-2.4325358867645264,-13.14383029937744,-0.00828907173126936,-1.474520564079285,5.106910228729248,11.816943168640135,4.929344654083252,-1.7207580804824831,-0.08762010186910629,2.4328975677490234,-6.064865589141847,-1.5145109891891482,-0.8250673413276672
146,3,-245.4690704345703,189.5388946533203,-29.08503150939941,-4.561446189880371,-2.0424883365631104,10.942740440368652,13.440470695495605,11.102394104003906,3.8342075347900386,8.215875625610353,9.01892375946045,7.6570329666137695,-4.354455471038818,0.8419350385665894,-0.2400539666414261,-1.2957675457000732,2.6378848552703857,-1.6487548351287842,-11.718684196472168,-3.7802021503448486
158,3,-352.6102600097656,161.7865447998047,-21.49893569946289,17.262826919555664,1.8220525979995728,-3.0935900211334233,2.695420026779175,11.7151517868042,-0.2672895193099976,0.758219838142395,-2.677123546600342,0.8636437654495239,2.0701515674591064,-3.8280882835388175,6.199251174926758,-0.9142273664474488,6.361587047576903,1.9928134679794312,-5.470661163330078,-4.0907745361328125
1,0,-586.657958984375,11.902005195617676,-0.9879024624824524,-1.7925289869308472,-2.1774053573608403,0.9693368673324584,0.2889883518218994,-0.36281856894493103,-0.3887361586093903,0.3143361806869507,0.09608262777328493,0.4817774295806885,0.7558882832527161,0.6758530735969543,1.3179582357406616,1.6667704582214355,1.5573514699935913,0.583594560623169,0.3340502381324768,0.3349620997905731
19,0,-405.50469970703125,59.75508499145508,-4.076709747314453,-8.550707817077638,-16.86380386352539,-2.2508785724639893,-9.876717567443848,-21.601186752319336,-16.974382400512695,-4.904516696929932,-4.200424671173097,-6.215578079223633,-3.036698341369629,-5.77250862121582,-5.633804798126222,-3.022491455078125,-1.4649029970169067,-0.3412768840789795,-0.1061428114771843,-0.06997112184762955
17,0,-162.25244140625,154.72679138183594,-24.79421043395996,-27.20675277709961,-26.42342567443848,-3.655693769454956,-23.75080490112305,-9.278886795043944,-12.025962829589846,-3.2146806716918945,-3.6781024932861333,0.05962008237838745,-2.076190948486328,1.4397921562194824,5.234057903289795,3.1776123046875,4.798759937286377,8.535670280456543,4.267575263977052,-2.9985220432281494
7,0,-466.8420104980469,57.00192642211914,-22.153715133666992,-25.99926567077637,-18.680753707885746,-5.562942028045653,-12.929231643676758,-5.421899318695068,0.002324433997273445,-1.8379915952682493,-1.5348396301269531,-2.282686471939087,-2.473621368408203,-3.5049948692321777,-2.4551479816436768,-0.8385293483734131,-0.4081064164638519,0.22050277888774872,1.2987874746322632,0.15351705253124234
83,2,-147.57568359375,176.53778076171875,-41.06158828735352,23.804636001586914,-10.589993476867676,1.8430130481719968,-11.38694953918457,14.936666488647461,-8.715511322021483,-5.573256969451903,-11.571084976196287,-3.3931729793548584,-5.617401599884033,-8.709854125976562,0.970833957195282,-7.886683464050293,-5.2861900329589835,-12.070672988891602,-4.358126640319823,-2.6101462841033936
12,0,-502.9093322753906,30.57770347595215,4.747387886047363,0.6003042459487915,-5.940370082855225,-0.9093473553657532,2.0271766185760502,0.4469313621520996,0.04821871221065521,2.695308923721313,2.046968936920166,2.202522754669189,3.0969398021698,-0.0846022516489029,1.484351634979248,2.2225546836853027,0.3280145525932312,1.0668177604675293,1.253995060920715,-1.0888655185699463
94,2,-240.73651123046875,140.98497009277344,-19.375629425048828,15.803799629211426,-3.189393758773804,-6.7261576652526855,-7.256638050079347,-2.0812692642211914,-2.9365885257720947,-4.753508567810059,-7.913378715515138,-7.492194175720215,-4.025917053222656,-5.942930698394775,-6.69868278503418,-7.6930599212646475,-8.397716522216799,-8.509642601013184,-7.623536109924316,-7.1625914573669425
112,2,-205.5717010498047,171.96043395996094,-31.56148910522461,10.908533096313477,-8.812978744506836,2.84045672416687,2.5893921852111816,2.487734794616699,-0.4592521190643311,-3.133441925048828,-2.397265911102295,3.8050925731658936,9.063624382019043,3.6953754425048833,3.4081528186798096,0.9013786315917968,0.9151352047920228,0.5454447269439697,-0.14929814636707306,-2.0893106460571294
134,3,-297.8393859863281,226.90223693847656,-23.161357879638672,-10.052488327026367,11.449212074279785,3.0640442371368413,10.049131393432617,8.764513969421388,10.43190097808838,11.770689010620115,8.42927074432373,2.1758897304534908,-2.890833854675293,-1.0440503358840942,-0.2239421010017395,-1.191974639892578,0.30808329582214355,-2.7312498092651367,-9.992876052856444,-7.1359901428222665
119,2,-194.3793029785156,142.83912658691406,-19.253314971923828,41.46354293823242,-9.09477996826172,21.850866317749023,-13.847907066345215,16.628801345825195,-8.659672737121582,0.3894803524017334,-2.2957937717437744,0.9622910618782043,-3.4643282890319824,2.458221912384033,-0.4287740290164948,1.7499446868896484,6.685111045837402,2.6981022357940674,2.3041818141937256,0.44183149933815
33,0,-331.02349853515625,124.45005798339844,-20.81972312927246,-29.4775390625,-36.92453384399414,-7.3621416091918945,-16.955490112304688,-7.0520920753479,-2.5750746726989746,-8.8720064163208,-0.7342525124549866,7.7757201194763175,-0.9536333680152892,8.62677001953125,15.640704154968262,9.159485816955566,7.898241519927978,-10.858400344848633,-10.457113265991213,-1.2451925277709959
151,3,-190.9952087402344,201.7123107910156,-12.001616477966307,-24.043743133544922,10.405078887939453,-5.632560253143311,-13.694059371948242,-4.446907043457031,-6.3040714263916025,-12.250052452087402,-11.844830513000488,-7.839210510253906,-6.0148253440856925,-10.660362243652344,-12.84980297088623,-10.490817070007324,-9.136072158813477,-7.946524620056152,-5.608503818511963,-2.84818696975708
98,2,-263.44305419921875,111.77205657958984,-25.31088638305664,39.09645080566406,-8.751830101013184,7.573888301849365,-0.4329984784126282,6.592295169830322,-10.388544082641602,-0.5682952404022217,2.6442334651947017,4.941985130310059,0.18316084146499634,3.0212793350219727,3.298365354537964,2.3203601837158203,8.006903648376465,0.9035004377365112,-1.33617103099823,-0.006669613067060709
62,1,-311.1690979003906,28.59736442565918,-27.698057174682614,-10.968635559082033,-25.288005828857425,3.733980417251587,0.7159002423286438,-8.517241477966309,-10.589950561523438,-5.952798843383789,-0.4956499338150024,20.10492706298828,15.02631664276123,6.9687561988830575,-1.897864580154419,-6.052308559417725,-3.2725832462310787,0.0036906090099364523,0.8288581371307373,-2.0850787162780757
61,1,-456.0908203125,23.52959060668945,-12.088733673095705,-9.48439884185791,-11.118993759155273,6.408820629119872,-1.2271032333374023,-2.3346078395843506,-4.7684006690979,-0.602450966835022,4.792296886444092,14.220839500427244,17.97841453552246,8.301448822021483,-3.5865509510040283,-6.467243671417236,-4.236571788787842,-4.2546048164367685,-0.11104636639356613,4.689258098602295
67,1,-457.5026245117188,20.353761672973636,-40.83167266845703,-24.26893615722656,-19.502347946166992,-0.8976974487304688,-16.654790878295902,1.8659371137619016,2.458406925201416,-0.6672533750534058,4.422238349914551,10.552238464355467,2.261324405670166,6.661311626434326,3.75627326965332,-7.400217056274414,-3.4286315441131587,1.7056831121444702,2.523112297058105,-1.7410945892333984
40,1,-437.0399475097656,66.61225891113281,-7.12512731552124,-15.996088027954102,-7.772340297698975,7.760850429534912,10.410696983337402,-4.718368053436278,-10.677705764770508,-9.059210777282717,-2.2909295558929443,5.926145553588867,10.995893478393556,16.344160079956055,12.816333770751953,-1.3700511455535889,-4.721221923828125,-0.12433015555143355,-4.796804904937744,2.6013424396514893
58,1,-397.48724365234375,74.4846420288086,-51.14812088012695,-29.33950424194336,-23.95062828063965,-8.957130432128906,10.928146362304688,3.4167213439941406,-0.7255999445915222,-3.70212984085083,-4.153069019317627,7.8693175315856925,19.72677993774414,18.8625545501709,6.923144340515138,6.653392791748048,15.38394546508789,4.849796772003174,-6.42602014541626,-3.757417917251587
31,0,-420.427490234375,106.55811309814452,15.554007530212402,-14.627363204956055,-20.384593963623047,-16.877204895019528,-14.146434783935547,-13.631684303283693,-15.532918930053713,-9.996540069580078,-5.883712768554688,-0.3748506009578705,3.5380609035491943,3.471381187438965,2.5711796283721924,-1.333949089050293,-5.258244514465332,-0.3636088073253632,5.02759313583374,8.251617431640625
133,3,-364.6147766113281,153.3893585205078,5.4505648612976065,17.347461700439453,7.7097716331481925,10.897798538208008,12.561776161193848,-6.576649188995361,3.0016589164733887,3.6784436702728267,0.6820847392082214,1.1707454919815063,-7.620579242706299,-1.92572820186615,0.6825048923492432,-3.576021432876587,0.6193034648895264,-2.5495471954345703,-4.232457637786865,0.28893399238586426
82,2,-165.5460968017578,162.64508056640625,-35.86518478393555,24.43494033813477,-11.572884559631348,-4.202160835266113,-12.022586822509766,6.4197611808776855,-6.157989501953125,-4.964050769805908,-8.192267417907715,-6.8962645530700675,-5.660773754119872,-7.403445720672607,1.4896056652069092,-3.2849817276000977,-1.9181671142578125,-7.475697994232178,-4.573862552642822,-2.0717852115631104
99,2,-239.7763671875,109.94449615478516,-40.04657745361328,35.793251037597656,-18.749675750732425,2.457078456878662,-3.499239206314087,6.955319404602051,-12.116500854492188,-1.855707764625549,1.0318326950073242,8.139960289001465,2.648306369781494,2.612879753112793,4.357523441314696,4.227732658386231,5.208112716674805,-0.1651865839958191,-0.2649160623550415,0.6090985536575317
9,0,-355.48358154296875,78.59451293945312,-80.0611801147461,-35.173004150390625,-33.24448013305664,-29.36215591430664,-17.639745712280273,2.744924545288086,14.13100814819336,2.061190128326416,4.088315963745116,0.6023887991905212,-8.435585021972656,-4.640296459197998,3.479989767074585,3.742274522781372,-1.890531063079834,-4.064009189605713,-2.712977409362793,-4.317854881286621
70,1,-430.1838684082031,36.78997039794922,-11.613569259643555,-1.3322097063064575,-20.96468544006348,5.320662021636963,7.057816028594972,2.369166135787964,-14.370061874389648,-3.714165449142456,7.676252365112305,7.828385353088379,10.510370254516602,4.887679100036621,2.2230100631713867,4.538294792175293,3.304224967956543,0.6849372982978821,-0.9326665997505188,2.701087474822998
27,0,-393.3400268554688,78.33950805664062,4.8435468673706055,-7.6773643493652335,-12.608695030212402,-4.106793880462647,-6.195753574371338,-4.184720516204834,-0.3469483554363251,2.492715358734131,-0.461517333984375,-3.7944376468658447,3.943965435028076,4.321703910827637,-1.0775223970413208,-0.9136449098587036,6.03204870223999,12.462124824523926,11.19356918334961,7.153292179107666
66,1,-487.1221008300781,40.626365661621094,-55.4713363647461,-22.31061553955078,-21.190221786499023,-9.035788536071776,-17.95315933227539,-4.0195345878601065,3.585434675216675,-0.601401150226593,7.139415740966798,7.969509601593018,4.305461406707764,-0.1263498216867447,3.2450053691864014,-3.583928346633911,-5.019854545593262,0.9879534244537354,1.99246346950531,1.5289682149887085
105,2,-270.26773071289057,152.4671173095703,-33.012680053710945,32.744293212890625,-8.881284713745117,-1.3880223035812378,-4.677735328674316,-2.856685161590576,-10.28227424621582,-5.972378730773926,-13.480582237243652,-3.7990601062774663,-10.14046859741211,-1.571836233139038,-7.084810733795166,-4.71619176864624,-8.03581714630127,-1.624414563179016,-0.903048813343048,0.5673666596412659
35,0,-366.3063354492188,120.8839340209961,12.04064655303955,-3.4236152172088623,-24.15653991699219,-13.960710525512695,-6.252333641052246,-3.0401387214660645,-11.999933242797852,-6.368051528930664,-2.9636175632476807,-8.900347709655762,-15.759538650512695,-6.3533806800842285,-0.5206368565559387,-5.747254371643066,1.8965160846710205,5.140046119689941,13.023809432983398,8.737386703491211
111,2,-120.4457015991211,104.71104431152344,-109.47404479980469,44.97998428344727,-3.2612476348876958,15.778943061828613,-12.100366592407227,8.831233978271484,-2.7595744132995605,7.278159618377685,-4.67137622833252,5.888481616973878,4.156062126159668,-5.948667526245117,-2.215036392211914,3.385389804840088,-0.17151367664337158,-4.117573261260986,0.5274431109428406,1.487712860107422
60,1,-422.9947204589844,53.35344314575195,-7.539895534515381,-5.092265129089356,-14.348468780517578,1.0386967658996582,13.431815147399902,5.732430458068848,1.684740424156189,-2.365506172180176,5.297467708587647,13.713826179504395,14.818954467773438,12.293963432312012,-2.8172919750213623,-10.143722534179688,-2.5505642890930176,2.378767490386963,3.8674333095550537,0.9061331748962402
77,1,-424.2935791015625,57.2604866027832,-21.525413513183594,-16.321792602539062,-12.101924896240234,2.754697322845459,-4.399731159210205,-8.746622085571289,-7.348740577697754,0.5829123854637146,5.73110818862915,6.965739727020264,-1.9579583406448364,-8.527196884155272,-2.891033172607422,-4.93213415145874,-5.156696796417236,1.225072979927063,-1.1957824230194092,-4.412083148956299
63,1,-449.3656921386719,54.09430313110352,-43.88782119750977,-28.56780815124512,-8.68364429473877,-12.630498886108398,-9.396175384521484,2.463886976242065,9.43995475769043,9.687088012695312,12.778202056884766,10.334254264831543,2.423802375793457,-0.5064061880111694,0.16941723227500916,-2.727902889251709,-3.8736441135406494,-0.24632960557937625,0.3751434683799744,2.1770365238189697
18,0,-333.6452941894531,127.57653045654295,-19.299957275390625,-41.62706756591797,-17.459186553955078,-23.2149715423584,-23.52520751953125,-17.30708885192871,-18.306833267211914,-10.261211395263672,-4.636350154876709,-8.996227264404297,-2.3429417610168457,6.230469703674316,2.0440447330474854,1.5801483392715454,4.325040817260741,-3.4967653751373287,-10.244000434875488,-6.850949764251709
55,1,-443.1558837890625,72.72843170166016,-11.304506301879885,4.4675116539001465,3.5183660984039307,10.647068977355957,-4.597763538360597,0.4488484263420105,4.780595302581787,6.135293483734131,3.7238585948944087,1.7125656604766846,-4.841301918029785,-0.5831608772277832,3.943538904190064,-3.1810572147369385,1.0218275785446167,5.363129615783691,2.7877576351165767,-1.6245336532592771
153,3,-355.45068359375,152.3966064453125,-7.1167073249816895,-26.15888214111328,-13.253351211547852,-11.453605651855467,-6.972163200378418,0.13921821117401126,1.925058126449585,0.5924174189567566,-1.0941593647003174,-4.642279624938965,-5.3903021812438965,-5.034414291381836,-7.5046324729919425,-7.089445114135742,-5.117278099060059,-9.592775344848633,-13.717317581176758,-12.189549446105955
149,3,-201.6131134033203,233.75128173828125,-3.0158090591430664,-14.714387893676758,12.69826602935791,-3.3011260032653813,-12.206695556640625,-6.241421699523926,-5.131260395050049,-10.940289497375488,-13.037988662719727,-6.9947757720947275,-2.2000789642333984,-8.027775764465332,-13.750391960144045,-13.865943908691404,-11.354994773864744,-8.886728286743164,-8.022372245788574,-4.86978816986084
74,1,-399.1321105957031,53.28237533569336,1.6363278627395632,-15.251276969909668,-29.7469425201416,8.36556339263916,-14.652356147766113,-8.271783828735353,-18.269237518310547,-0.3989231586456299,-9.926080703735352,4.268738746643066,5.202690124511719,1.6126530170440674,-2.1938915252685547,-2.144977331161499,-1.1691663265228271,-15.879728317260742,-9.346960067749023,-8.990246772766113
39,0,-502.3388977050781,23.68543815612793,-30.867095947265625,1.4319275617599487,2.182077169418335,2.3238420486450195,7.6738786697387695,8.510459899902344,1.0434954166412354,-0.6759380102157593,2.1329331398010254,0.33218738436698914,2.92910099029541,0.9762004017829896,-1.0298479795455933,-1.2747679948806765,-0.5297909379005432,1.082184672355652,1.7090868949890137,1.2285641431808472
102,2,-264.79647827148443,109.7491455078125,-38.03644943237305,39.91145706176758,-18.0583553314209,2.3010342121124268,-1.803812384605408,9.519320487976074,-12.43687915802002,-2.445547580718994,2.5276224613189697,6.8773231506347665,-0.2665814459323883,2.454018831253052,5.8652663230896,3.94006085395813,4.934513568878174,0.4921480715274811,-0.014633815735578537,0.31992605328559875
104,2,-296.3405456542969,134.38861083984378,-23.832578659057614,33.75439453125,-13.835270881652832,11.006135940551758,4.950170040130615,5.748085975646973,-5.29443359375,4.57603931427002,-8.035293579101562,1.8929954767227173,-9.588823318481444,0.7657759785652161,-8.931923866271973,2.36765193939209,-4.2663326263427725,2.71746563911438,-4.232619762420653,2.3333675861358643
91,2,-199.31265258789062,130.58638000488278,-25.96134948730469,35.05565643310547,11.861133575439453,3.4680769443511963,-4.4837493896484375,8.825238227844238,0.087383933365345,8.500871658325195,-1.395865797996521,5.717562198638916,1.5502020120620728,6.338392734527588,-1.7922855615615845,2.48816466331482,3.1106278896331787,2.4300925731658936,0.8674372434616089,2.6833972930908203
80,2,-99.7098617553711,181.74415588378903,-42.31594467163086,25.12155532836914,-15.990787506103516,-11.945194244384766,-11.04484748840332,2.4713726043701167,-7.646794319152832,-12.563501358032227,-12.236358642578125,-6.375205993652344,-0.16522379219532013,-7.090640068054199,-9.082828521728516,-6.378632068634032,-4.219156742095946,-8.899813652038574,-9.41247272491455,-4.844870090484619
54,1,-394.9205932617188,93.25025177001952,-32.253204345703125,-0.6350414752960205,6.264448642730713,5.692540168762207,2.460806608200073,8.146762847900389,10.89348030090332,16.878286361694336,18.599035263061523,10.072484970092773,-2.322184562683105,-0.3980255424976349,8.548222541809082,4.366419315338135,8.874016761779785,5.315939903259277,2.588344097137451,9.802042961120604
86,2,-185.90164184570312,157.9136505126953,-73.97830963134766,29.516157150268555,12.818528175354006,-10.782593727111816,-7.858739376068115,11.729879379272461,-6.010528564453125,-15.822360038757324,1.2540704011917114,8.392853736877441,-4.04644250869751,-2.91492247581482,-2.6468169689178467,-1.8167697191238403,-5.6824073791503915,-4.95577335357666,5.697068691253662,-5.650074481964111
8,0,-410.5948791503906,79.3521499633789,2.590251207351685,-13.477595329284668,-25.08286476135254,-15.224225997924805,-6.086715698242188,-13.53008270263672,-10.442975997924805,-2.411257266998291,-3.959977865219116,-5.402478218078613,-5.24018669128418,-6.971335411071777,-3.277458667755127,0.05054401233792305,-1.671599507331848,-0.8935848474502563,3.352064847946167,7.9599289894104
76,1,-362.8211364746094,72.8839111328125,-19.62563133239746,-26.916337966918945,-21.066844940185547,5.184015274047852,-12.285582542419435,-14.946125984191895,-16.852401733398438,-5.962516784667969,-8.649723052978517,5.145289897918701,1.977499723434448,-2.25679612159729,-5.986250877380371,-4.2518463134765625,-2.1099019050598145,-12.645892143249512,-6.499877452850343,-7.972496509552003
101,2,-262.7662353515625,105.38951873779295,-20.55384063720703,41.22236251831055,-1.2333356142044067,6.995384693145753,-0.5208476781845093,7.979482650756836,-2.64481520652771,8.070141792297362,5.9928035736083975,11.482187271118164,5.543815612792969,1.95962393283844,4.363935947418213,4.30330228805542,6.423384666442871,0.9859672784805298,1.4118951559066772,1.9464460611343384
127,3,-361.2969970703125,144.38848876953125,-6.521102428436278,8.043534278869629,1.3031209707260132,-5.8661556243896475,0.017113352194428444,4.152963161468507,-2.9260177612304688,-4.10361385345459,-1.371835470199585,-1.114633321762085,-6.179759979248048,-12.060370445251465,-8.933143615722656,-10.032442092895508,-4.859031200408936,2.125885248184204,2.260869026184082,1.8465149402618408
92,2,-161.07322692871094,162.43568420410156,-33.04988479614258,20.334386825561523,-17.295663833618164,-4.0706539154052725,-10.838953018188477,10.482234001159668,-0.13886092603206635,-2.124285697937012,-9.00948715209961,-7.018362522125244,-1.9096519947052,-8.028796195983888,-6.520936965942383,-6.93355131149292,-7.5416932106018075,-7.979914665222168,-3.592809200286865,-7.516077518463135
46,1,-371.5688171386719,44.88361740112305,-33.06951141357422,-4.138847351074219,-23.107208251953125,12.381998062133787,-13.555683135986328,4.942780494689941,-17.279489517211914,6.2429914474487305,10.171796798706056,9.448992729187012,25.35566329956055,9.840478897094727,4.070786476135254,-7.227229118347168,-2.935378074645996,-3.5367023944854736,1.324666976928711,0.2847646474838257
150,3,-213.23992919921875,231.19435119628903,-25.400936126708984,-9.605131149291992,14.1631498336792,-5.531836986541748,-10.294692993164062,-2.0984771251678467,-2.6891589164733887,-8.784728050231934,-13.858217239379885,-10.256434440612793,-4.485607147216797,-8.36346435546875,-7.104902267456055,-8.108960151672362,-6.991675853729247,-6.71923303604126,-8.762048721313478,-3.701665163040161
156,3,-271.06619262695307,189.55746459960938,-11.726998329162598,-3.5926413536071777,-8.06025505065918,-11.73688507080078,-8.498818397521973,4.0778985023498535,-0.5090383887290955,-4.35709810256958,-2.4976508617401123,-6.723731994628906,-6.679452896118164,-9.492772102355957,-9.512978553771973,-8.787016868591309,-12.685721397399902,-8.722019195556639,-4.4872870445251465,-6.552397727966309
42,1,-591.7071533203125,56.3693733215332,-20.38642692565918,16.524532318115234,-6.633800506591798,-5.246469974517822,9.75598430633545,-4.649815559387207,-2.711519718170166,2.6001272201538086,5.930636882781982,5.43019962310791,2.0342395305633545,-5.338706970214844,-6.059435844421388,1.72121000289917,-1.475776433944702,1.6664193868637085,2.4715030193328857,-2.13972282409668
141,3,-185.2167510986328,161.03907775878906,-16.067127227783207,-4.724153518676758,-8.408589363098145,-4.1989426612853995,0.730921745300293,-1.6197566986083984,-9.5275239944458,-12.127610206604006,-9.513961791992188,-0.3977180719375609,6.276354789733888,9.837770462036133,8.358567237854004,2.386992931365967,-3.0132839679718018,-6.864344596862793,-11.387393951416016,-9.378206253051758
10,0,-387.63873291015625,112.27102661132812,12.134324073791506,-11.461318016052244,-15.380465507507324,0.36156779527664185,-1.8882968425750728,-9.60818576812744,-2.8838939666748047,-1.1416831016540527,-1.356472730636597,7.1828675270080575,5.224735736846924,1.930418968200684,7.331702709197997,10.741137504577637,11.358296394348145,4.125555515289307,-2.2709460258483887,-4.418351650238037
123,3,-432.1954650878906,118.44188690185548,34.36856842041016,-17.92587661743164,-15.576057434082033,5.424243927001953,7.4675636291503915,-8.988279342651367,-21.84511947631836,-20.032894134521484,-10.3969144821167,-3.2316367626190186,-1.111726999282837,-0.4676760733127594,1.373072624206543,2.7226245403289795,0.6007972359657288,-3.825506210327149,-5.478783130645752,-2.4364173412323
132,3,-330.7444763183594,80.82588958740234,-13.849493980407715,-3.978528022766113,-8.044771194458008,-3.303015947341919,-5.4493608474731445,-4.23776912689209,-2.3656647205352783,-0.054837822914123535,-0.5430874824523926,-3.251997947692871,-0.6561996340751648,-1.1677813529968262,-2.9339778423309326,0.5591825842857361,0.17355300486087802,-0.3681177198886871,-2.1257479190826416,-4.012535095214844
154,3,-447.0177612304688,95.95344543457031,-13.537198066711426,-7.409770011901855,3.130510807037353,-5.337964057922363,-0.7376383543014526,0.4905425310134888,-4.369013786315918,-6.412459850311278,-3.2956857681274414,-2.573626518249512,-6.4758124351501465,-8.455913543701174,-9.651336669921877,-10.888082504272461,-9.858424186706543,-8.769678115844728,-8.131998062133789,-6.105722427368164
88,2,-160.30862426757812,202.3194580078125,-6.240846633911133,28.353212356567386,12.198623657226562,-0.8379896283149719,-3.7414400577545166,2.621757984161377,-10.885873794555664,-9.571842193603516,0.9365552067756652,6.179314613342285,6.699584007263184,2.816040515899658,1.4868497848510742,2.274719476699829,-0.4053629338741303,-10.0963773727417,-9.435482025146484,-2.177236318588257
52,1,-542.1678466796875,41.02864456176758,-31.41630744934082,-13.65452766418457,-10.45779037475586,12.850117683410645,10.852370262145996,-7.167691707611084,-2.019265651702881,3.877100944519043,11.501952171325685,18.697969436645508,7.613691806793213,0.43852633237838745,5.989706516265869,0.9585323929786682,-10.669904708862305,-6.2830986976623535,6.5976600646972665,0.509305477142334
114,2,-399.63775634765625,80.1663818359375,-5.344985485076903,12.079604148864744,-4.438060283660889,2.268075466156006,-1.5529980659484863,6.6630940437316895,-3.586409568786621,-4.430759906768799,-1.3479830026626587,3.4305782318115234,4.2985711097717285,1.6066057682037354,-0.21680685877799988,1.2762162685394287,1.1316759586334229,-1.9860306978225708,-0.2962128818035126,0.2185658812522888
97,2,-200.0734100341797,145.21055603027344,-14.941133499145508,25.3438720703125,-7.597699165344237,22.46079635620117,2.081766366958618,10.0780029296875,-0.8756015300750732,-0.9412548542022704,2.673176050186157,5.836088180541992,2.0936782360076904,2.175421953201294,4.77831506729126,0.728190004825592,1.856544017791748,0.3178848922252655,0.7670841813087463,-1.0807749032974243
45,1,-373.4908752441406,91.04703521728516,-27.54318809509277,-24.233169555664066,13.072592735290527,2.634072542190552,-8.390876770019531,1.7830839157104492,1.119855523109436,-1.0836048126220703,7.85221529006958,6.331109046936035,-3.0630576610565186,2.139014482498169,7.637302875518799,-2.623948097229004,-7.071351528167725,0.7923891544342041,1.6797990798950195,-0.90091472864151
3,0,-399.7457580566406,98.39348602294922,12.832573890686035,-7.1330180168151855,-18.69583320617676,-17.762500762939453,-20.34659576416016,-13.713506698608398,-6.392603397369385,-13.59000015258789,-9.670003890991213,0.34643709659576416,0.7012381553649902,-3.8706128597259517,-3.239262819290161,2.8434441089630127,8.552182197570799,9.68139362335205,5.284426689147949,-1.2501413822174072
135,3,-268.37957763671875,206.22848510742188,-55.6009635925293,5.09475040435791,10.832867622375488,8.645249366760254,5.015036106109619,6.708847522735597,9.633296966552734,5.384776592254639,1.5070046186447144,-0.994650423526764,2.891815185546875,-1.2084189653396606,-7.7653260231018075,-4.1060500144958505,2.2786529064178467,-1.3230968713760376,-6.3551578521728525,-0.6298044919967651
5,0,-370.826171875,154.7620849609375,42.25497055053711,-1.204865336418152,-2.4832262992858887,-7.9715328216552725,-10.47253704071045,-5.892438411712647,-4.103651046752931,-6.489336967468263,-9.53848934173584,-9.163576126098633,-2.64382553100586,1.4873361587524414,-2.6681294441223145,-3.832293510437012,-0.30247709155082697,-1.309938907623291,-1.669007658958435,1.7947815656661987
69,1,-455.1766357421875,72.07559204101562,-6.482191562652588,-10.049551963806152,-6.868969440460205,9.21194076538086,1.5875929594039917,1.0275735855102541,-1.6370185613632202,4.860967636108398,4.030863285064696,6.200478076934815,9.685243606567383,6.678225994110107,4.458138465881348,4.150905132293701,0.8394349217414856,-3.2800524234771733,-0.3543541431427002,0.7514962553977966
73,1,-404.1689453125,81.24430847167969,-24.58770751953125,-16.182476043701172,-10.025347709655762,-10.780964851379396,-7.0112671852111825,-6.2915544509887695,-5.613275527954102,-4.977234363555908,-2.1656568050384517,5.573153018951416,16.409996032714847,16.525627136230472,12.209959983825685,5.7539615631103525,-7.324212074279785,-8.484166145324707,-0.6168600916862488,-2.446673631668091
115,2,-503.398681640625,11.908342361450195,-12.044515609741213,3.654699563980103,-5.08829927444458,1.2455992698669434,-0.15493862330913544,0.873188316822052,-3.9166958332061768,-0.6699498891830444,0.65479975938797,0.5418682098388672,-0.10189881175756453,0.4916461110115051,2.580861568450928,2.2683031558990483,0.474565714597702,1.1690940856933594,1.632398247718811,0.3696688413619995
100,2,-331.90545654296875,149.25575256347656,-9.973992347717283,32.54357147216797,-7.315071582794189,-1.9918276071548464,9.857704162597656,11.155479431152344,-6.219338417053223,1.9092012643814087,3.609810113906861,1.2155362367630005,1.470674753189087,0.10039596259593964,7.562363147735597,3.89286208152771,0.4160642921924591,-1.868017077445984,-1.7971560955047607,0.21758779883384705
6,0,-364.6217346191406,160.00074768066406,-10.20016098022461,-49.25031280517578,-47.33882141113281,-24.89315795898437,-23.47043609619141,-17.86863136291504,-7.993891716003418,-15.032857894897461,-10.660391807556152,3.909184694290161,11.342135429382324,8.115828514099121,4.8181190490722665,6.177436351776122,8.455904006958008,0.9597963690757751,-7.672457218170166,-6.236056327819824
59,1,-407.1457214355469,70.09769439697266,-17.330312728881836,-2.7613391876220703,-20.06956672668457,-0.3939962387084961,-1.797873616218567,-7.730086326599121,-6.318169116973878,-4.234851360321045,-1.1475328207015991,4.5844993591308585,5.330689430236816,-4.105300426483153,-7.460876941680907,-5.489470958709717,-3.0078158378601074,-2.943979024887085,-0.384577214717865,-3.7106626033782963
81,2,-193.51954650878903,159.1337432861328,-33.170169830322266,30.3795223236084,-7.490571022033691,-13.537994384765625,-12.491754531860352,2.296066999435425,-5.707355976104736,-7.199282169342041,-9.690196990966797,-7.486332893371582,-4.081022262573241,-4.821853160858153,-2.862555742263794,-5.105644702911377,-5.51074743270874,-8.794317245483397,-9.12859344482422,-6.2553324699401855
72,1,-437.041015625,70.09291076660156,-6.266458988189697,-13.039189338684082,-14.13212776184082,-5.452594757080078,1.0956991910934448,-2.930481433868408,-7.779568195343018,-5.596167087554932,-2.4719867706298833,-1.424523115158081,6.089632987976074,8.953508377075195,6.34555721282959,5.7794742584228525,6.499490261077881,4.138830661773682,1.4366854429244995,-1.6684733629226685
14,0,-402.9610595703125,160.4413604736328,42.17453002929688,-11.122976303100586,-27.19916343688965,-14.732637405395508,-4.294445037841797,-6.546445846557617,-1.7139573097229004,-5.322068691253662,-7.966348171234131,0.38048481941223145,1.2568788528442385,1.357450246810913,2.608208417892456,-1.9390984773635864,-1.13754403591156,5.022846221923828,9.8885498046875,10.790823936462402
147,3,-275.25399780273443,203.9430694580078,-20.161365509033203,-2.958522081375122,1.8977316617965696,7.082264423370361,7.509256839752197,10.8020658493042,10.254929542541504,10.238768577575684,-0.19294306635856628,7.273673057556152,2.361144781112671,4.162679195404054,-0.9973440766334534,-0.6610512137413025,1.6014896631240845,-2.6826341152191158,-9.75477409362793,-7.1496262550354
51,1,-365.2391662597656,106.89198303222656,-2.0639677047729488,3.3305439949035645,-23.2450008392334,12.517040252685547,-1.3784667253494265,-0.6335112452507019,-9.917444229125977,3.244238376617432,-7.987349987030028,-0.13709940016269684,3.734915018081665,-1.9512580633163448,3.9057631492614746,6.633514881134032,1.967204570770264,-11.527532577514648,-4.085772037506104,-3.9171700477600098
44,1,-406.8248901367188,68.52019500732422,-39.0445442199707,-7.5578551292419425,-16.763679504394528,0.607211172580719,3.581737518310547,-1.862074613571167,-5.186873435974121,3.4428560733795166,5.5519890785217285,6.277083873748778,11.936504364013672,-0.3863792419433594,-3.5801713466644287,-3.804083585739136,0.6044595241546631,-1.4657801389694214,-3.4632210731506348,-1.009700059890747
2,0,-419.6518249511719,158.62120056152344,-5.421053409576416,-2.6397418975830083,10.662174224853516,13.456296920776367,9.91938304901123,7.76497745513916,7.86373233795166,6.601513862609862,7.098318576812744,9.018899917602539,8.819650650024414,4.14093017578125,1.5357518196105957,-1.2806488275527954,0.7826723456382751,2.2922749519348145,1.5959538221359253,2.863277673721313
144,3,-274.51007080078125,155.8523712158203,1.2597225904464722,7.008521556854247,-21.264781951904297,-6.081533432006836,0.3431947231292725,17.235958099365234,-2.9908697605133057,-13.489639282226562,-11.928299903869627,-6.414721965789795,-9.929254531860352,-4.939671039581299,-2.2193846702575684,-6.572616100311278,-10.859848976135254,-9.968820571899414,-9.327462196350098,-5.627695083618164
68,1,-412.0065612792969,79.83316040039062,-23.003625869750977,-44.97380828857422,-13.62519073486328,-0.12898313999176025,-9.389287948608398,-7.969211101531982,-0.9877694845199584,-4.24176549911499,0.8862298130989075,14.062826156616213,11.340091705322266,-1.2012040615081787,-5.6730499267578125,-6.057925224304199,-6.510859966278076,-2.3325746059417725,0.08164379745721817,-2.0945453643798833
34,0,-234.37347412109372,99.58019256591795,-82.45767211914062,-36.52465438842773,-20.33646011352539,7.463486194610597,-2.0412244796752934,2.62375807762146,-2.431060791015625,-3.7410705089569087,-5.1839375495910645,-4.896292686462402,-5.353516578674316,-2.638826608657837,-4.913191318511963,-2.96339750289917,-3.219660520553589,-3.2995820045471187,-0.06592574715614319,0.4853084683418274
106,2,-384.9398193359375,159.80738830566406,-32.919864654541016,28.154396057128906,17.03791618347168,9.955048561096193,10.023686408996582,8.210963249206543,-0.04070698097348213,2.7443935871124268,2.475043296813965,9.163789749145508,4.06795072555542,6.8024845123291025,3.4643039703369136,2.6398251056671143,3.575777530670166,4.63398551940918,4.782968521118164,4.345379829406738
96,2,-505.8667602539063,46.79872512817383,-28.596885681152344,17.623767852783203,-5.418534278869629,5.756503582000732,0.7528209090232849,1.491417646408081,-4.8550944328308105,0.017583223059773445,-1.866240620613098,-0.565727949142456,-3.148887157440185,-0.9175174236297609,-1.2367441654205322,-0.879935622215271,-1.5751224756240845,0.21450549364089969,-0.7391051054000854,2.273495674133301
136,3,-261.01925659179693,174.68673706054688,-38.349796295166016,16.606744766235348,-3.2031743526458736,0.6565020084381104,3.5201737880706787,-6.420533657073975,-3.739222526550293,-4.101781368255615,-4.566277027130127,-9.544302940368652,-12.40799045562744,-9.207574844360352,0.15811787545681,1.6208391189575195,0.4479571282863617,-1.3876758813858032,1.4450618028640747,4.965263843536377
107,2,-392.6090393066406,160.1904754638672,-29.54999923706055,23.87423896789551,14.152688026428224,10.507120132446287,6.783273696899414,7.535545825958253,-1.796369194984436,4.495741367340088,-0.4822781980037689,8.348690032958983,3.574718952178955,8.022113800048826,1.8863285779953003,3.536614179611206,3.0255444049835205,6.666141033172607,2.4909417629241943,4.5045905113220215
15,0,-381.2569580078125,139.26118469238278,39.64492416381836,-10.952173233032227,-24.803646087646484,-14.348836898803713,-2.891087055206299,-3.2089314460754395,-0.702102541923523,-0.5946806073188782,-3.8744592666625977,-1.5947195291519165,-0.6332762241363525,-1.3042542934417725,0.5444053411483765,0.17792098224163055,1.1067564487457275,7.584660530090332,10.175088882446287,3.870687246322632
148,3,-301.8277893066406,190.13966369628903,-12.138790130615234,-8.618671417236326,13.213295936584473,9.31678581237793,17.58091163635254,16.344778060913086,11.280046463012695,12.85703182220459,9.43444538116455,10.963205337524414,3.771306991577149,3.735207080841065,-1.0666253566741943,-2.2818546295166016,1.6219949722290041,-2.1871018409729004,-9.669477462768556,-5.157549381256104
124,3,-255.3578948974609,137.52743530273438,-29.677963256835934,11.314815521240234,-8.374512672424316,16.732694625854492,-10.27021026611328,4.666012763977051,0.6413646340370178,2.1482481956481934,3.0377199649810787,2.6038682460784908,-2.892632484436035,-8.502995491027832,-3.7019238471984863,-2.52746844291687,0.4735020399093628,4.0048418045043945,3.8582491874694815,-1.1221837997436523
65,1,-465.6839599609375,43.86154174804688,-45.43844604492188,-19.615964889526367,-4.900277137756348,-1.830763578414917,-11.406400680541992,2.5551352500915527,16.125104904174805,7.989442348480225,11.43048858642578,11.489388465881348,0.5935992002487183,-2.469780445098877,1.6828649044036863,-1.6148924827575684,-2.170807361602783,2.3860960006713867,3.557682037353516,2.8298523426055913
131,3,-363.2610168457031,73.25736999511719,-13.706205368041992,-2.028348684310913,-9.289441108703613,1.4953032732009888,-5.973207950592041,-0.3907084167003632,0.5454784035682678,-0.7301343083381653,-0.2176796793937683,1.0531646013259888,2.3460009098052983,1.0204503536224363,-0.5836907625198364,-1.8901371955871584,-3.040640592575073,-3.3204658031463623,-2.3730125427246094,-1.4940423965454102
56,1,-508.4139404296875,18.588586807250977,-39.28959655761719,6.855757713317871,-2.1039299964904785,-0.5908108353614807,-12.464742660522461,-6.4168052673339835,1.7045841217041016,8.435325622558594,12.548829078674315,7.4453468322753915,4.627206802368164,-2.1408233642578125,-0.035968117415905,2.1497337818145748,2.0161242485046387,-0.3913536667823792,-0.8292236328125,-2.1297738552093506
129,3,-356.8739013671875,59.36861801147461,-12.55739974975586,2.528784275054932,-5.559218406677246,3.286473512649536,-1.659258246421814,2.8776302337646484,-0.25243940949439997,2.334390878677368,-0.8052717447280884,-2.498879909515381,0.2159308642148972,1.7812447547912598,0.6488418579101562,0.3475648462772369,-2.380492925643921,-2.8228778839111333,-1.4416728019714355,-1.711761236190796
108,2,-263.2884521484375,180.57757568359372,-50.07047653198242,19.412254333496094,-0.4639935195446014,16.788703918457028,8.424101829528809,5.171986103057861,9.687088012695312,-4.332191467285156,-5.8634467124938965,6.724964141845702,3.2586593627929688,-3.43619441986084,-3.639019966125488,-12.52703094482422,-6.639476776123048,1.7504919767379759,2.4753401279449463,5.23659610748291
57,1,-512.7697143554689,23.46041679382324,-32.261043548583984,-31.746049880981445,-14.716473579406738,20.69312286376953,-9.9521484375,-12.809739112854006,-12.343107223510742,13.524036407470705,27.99663543701172,13.266934394836426,0.7482431530952454,-18.484764099121094,-6.272633075714111,-0.6152182221412659,-10.785815238952637,4.750232696533203,8.644030570983888,-2.657660961151123
95,2,-222.83192443847656,96.81259155273438,-60.46271896362305,76.06340789794922,-30.14067077636719,30.20916557312012,0.3544236421585083,30.790727615356445,-13.012544631958008,11.173365592956543,-0.2463292479515076,10.0695219039917,-4.371744155883788,-0.9282508492469788,5.446341037750244,6.0102620124816895,2.662297248840332,-8.898141860961914,-2.240067481994629,-15.233856201171875
23,0,-174.0363311767578,134.54843139648438,-42.17766189575195,-6.032583236694336,-26.25812721252441,-1.966869235038757,-14.483080863952635,11.238521575927734,4.631927013397217,12.047624588012695,0.13758032023906708,6.859553813934326,-5.296220779418945,-3.507779598236084,-2.70983624458313,-4.82961368560791,-0.37260743975639343,-5.227753162384033,0.10205955803394318,-3.948527574539185
110,2,-78.75279235839844,101.6492156982422,-102.9206085205078,53.85026550292969,-22.128286361694336,18.44283103942871,-10.03785228729248,17.879329681396484,-10.323785781860352,8.333096504211426,-0.1163470298051834,8.161639213562013,-2.0652544498443604,3.782692670822144,1.7941023111343384,1.5030266046524048,6.964808464050293,-0.2593703866004944,-0.09280975908041,0.3274844288825989
28,0,-393.53411865234375,93.14241790771484,22.99176597595215,3.1493854522705083,-9.233454704284668,-12.3717679977417,-16.261058807373047,-3.0523440837860107,-6.020660877227782,-12.7477388381958,-2.938068628311157,2.0472040176391597,-1.157774806022644,1.1920326948165894,2.492534637451172,3.4428071975708012,6.919448852539063,3.3378820419311523,-0.6246172189712524,-3.4499380588531494
37,0,-359.941162109375,176.98028564453125,-28.360618591308594,-77.31764221191406,-23.380651473999023,-8.309164047241211,-27.32809257507324,-21.97938537597656,-0.5771850943565369,3.4058337211608887,-1.0077470541000366,10.750226974487305,22.241167068481445,11.816118240356445,0.7583775520324707,4.018693923950194,2.963568925857544,-4.296106815338135,-2.0348882675170903,5.532540321350098
116,2,-198.56565856933597,109.80250549316406,-38.0741081237793,17.958635330200195,-22.170896530151367,-4.6500892639160165,-0.5434381365776062,13.374736785888672,-4.390803813934326,-9.004615783691406,-5.0826454162597665,2.337166309356689,4.920181274414063,1.6402194499969482,1.554626703262329,-0.21259692311286926,4.202354431152344,5.801762580871582,3.7334375381469727,3.7589619159698486
157,3,-352.1087341308594,140.27008056640622,7.266358375549316,-14.618886947631836,-7.081593036651611,7.72214412689209,14.577082633972168,-1.8747917413711548,-9.923848152160645,-8.947842597961426,-10.323919296264648,4.0716938972473145,-2.9168810844421387,-10.848145484924316,-8.650203704833983,1.2149449586868286,-1.1807256937026978,5.190516948699951,2.9440362453460693,2.57727313041687
145,3,-199.3293609619141,114.41045379638672,5.48781681060791,21.19566345214844,-6.345734119415282,9.070244789123537,-6.680366516113281,1.9474881887435915,-7.601405143737793,-1.109069585800171,-11.090165138244627,-6.493517875671388,-11.150911331176758,-2.7629919052124023,-7.188669204711914,-4.417254447937012,-10.745257377624512,-7.657871723175049,-9.323758125305176,-5.038684844970703
