,label,dict0,dict1,dict2,dict3,dict4,dict5,dict6,dict7,dict8,dict9,dict10,dict11,dict12,dict13,dict14,dict15,dict16,dict17,dict18,dict19
0,0,-581.7399291992188,8.207121849060059,-6.658802509307861,-4.2909064292907715,-3.034477949142456,0.2592792510986328,-1.9639464616775513,-0.27157679200172424,0.5182840824127197,0.34188422560691833,0.9061018824577332,-0.009524565190076828,-0.19054947793483734,-0.13267722725868225,-0.6076135039329529,-0.07146994769573212,0.2637028396129608,0.025098729878664017,-0.28837472200393677,-0.8003293871879578
1,0,-586.657958984375,11.902005195617676,-0.9879025816917419,-1.7925289869308472,-2.17740535736084,0.9693368673324585,0.2889883518218994,-0.3628185987472534,-0.38873615860939026,0.31433621048927307,0.09608262777328491,0.4817774295806885,0.7558882832527161,0.6758530735969543,1.3179582357406616,1.6667704582214355,1.5573514699935913,0.583594560623169,0.3340502381324768,0.3349620997905731
2,0,-419.6518249511719,158.62120056152344,-5.421053409576416,-2.639741897583008,10.662174224853516,13.45629596710205,9.91938304901123,7.764976978302002,7.86373233795166,6.601513862609863,7.098318576812744,9.018899917602539,8.819650650024414,4.140929698944092,1.5357518196105957,-1.280648946762085,0.7826724052429199,2.2922749519348145,1.5959538221359253,2.8632776737213135
3,0,-399.7457580566406,98.39348602294922,12.832573890686035,-7.133017539978027,-18.695833206176758,-17.762500762939453,-20.346595764160156,-13.713506698608398,-6.392603397369385,-13.59000015258789,-9.670003890991211,0.34643712639808655,0.7012381553649902,-3.870612859725952,-3.239262819290161,2.8434441089630127,8.5521821975708,9.68139362335205,5.284426689147949,-1.2501413822174072
4,0,-357.2857360839844,74.90721893310547,6.201728343963623,-5.245077610015869,0.9159426093101501,12.14202880859375,1.2270163297653198,-5.242708683013916,-5.112250328063965,-5.41441011428833,-5.645225524902344,-3.08219051361084,4.15379524230957,7.945357799530029,10.90601634979248,12.609265327453613,6.825088977813721,3.152200937271118,-2.4248788356781006,-5.826167106628418
5,0,-370.826171875,154.7620849609375,42.25497055053711,-1.2048653364181519,-2.4832262992858887,-7.971532821655273,-10.47253704071045,-5.8924384117126465,-4.10365104675293,-6.489336967468262,-9.53848934173584,-9.163576126098633,-2.6438255310058594,1.4873361587524414,-2.6681294441223145,-3.8322932720184326,-0.3024771213531494,-1.3099390268325806,-1.669007658958435,1.7947814464569092
6,0,-364.6217346191406,160.00074768066406,-10.20016098022461,-49.25031280517578,-47.33882141113281,-24.893157958984375,-23.470436096191406,-17.86863136291504,-7.993891716003418,-15.032855987548828,-10.660391807556152,3.909184455871582,11.342135429382324,8.115828514099121,4.818119049072266,6.177436351776123,8.455904006958008,0.9597963690757751,-7.672457218170166,-6.236056327819824
7,0,-466.8420104980469,57.00192642211914,-22.153717041015625,-25.999265670776367,-18.680753707885742,-5.562942028045654,-12.929231643676758,-5.421899318695068,0.002324433997273445,-1.8379915952682495,-1.5348396301269531,-2.282686471939087,-2.473621368408203,-3.5049948692321777,-2.4551479816436768,-0.8385294675827026,-0.4081064462661743,0.2205028533935547,1.2987874746322632,0.15351705253124237
8,0,-410.5948791503906,79.3521499633789,2.5902512073516846,-13.477595329284668,-25.082862854003906,-15.224225997924805,-6.0867156982421875,-13.530082702636719,-10.442975997924805,-2.411257266998291,-3.959977865219116,-5.402478218078613,-5.24018669128418,-6.971335411071777,-3.277458667755127,0.05054401233792305,-1.6715995073318481,-0.8935848474502563,3.352064847946167,7.9599289894104
9,0,-355.48358154296875,78.59451293945312,-80.06116485595703,-35.173004150390625,-33.244476318359375,-29.36215591430664,-17.639745712280273,2.744924545288086,14.13100814819336,2.061190128326416,4.088315963745117,0.6023887991905212,-8.435585021972656,-4.640296459197998,3.479989767074585,3.742274761199951,-1.890531063079834,-4.064009189605713,-2.712977409362793,-4.317854881286621
10,0,-387.63873291015625,112.27102661132812,12.134324073791504,-11.461318016052246,-15.380465507507324,0.36156776547431946,-1.8882968425750732,-9.608185768127441,-2.8838939666748047,-1.1416829824447632,-1.3564727306365967,7.182867527008057,5.224735736846924,1.9304187297821045,7.331702709197998,10.741137504577637,11.358296394348145,4.125555038452148,-2.2709457874298096,-4.418351650238037
11,0,-251.56227111816406,162.00889587402344,12.225783348083496,0.732765257358551,-16.66377067565918,3.5308237075805664,-1.0427539348602295,-4.638871669769287,-1.6205564737319946,0.8402920365333557,1.503000020980835,0.3260473906993866,1.9439778327941895,2.8913774490356445,5.293886184692383,2.738821029663086,3.8566906452178955,7.677853107452393,12.338003158569336,13.533751487731934
12,0,-502.9093322753906,30.57770347595215,4.747387886047363,0.6003042459487915,-5.940370082855225,-0.9093473553657532,2.0271763801574707,0.4469313621520996,0.04821876436471939,2.6953089237213135,2.046968936920166,2.2025227546691895,3.0969398021698,-0.08460230380296707,1.484351634979248,2.2225546836853027,0.3280145525932312,1.0668177604675293,1.2539950609207153,-1.0888653993606567
13,0,-407.0001220703125,34.94295883178711,-5.330896854400635,-1.125037431716919,-5.9965620040893555,-2.3942463397979736,-1.7745226621627808,-0.3080594539642334,-0.7819481492042542,1.1062372922897339,-0.9533817172050476,0.936150312423706,0.8176217079162598,1.3503644466400146,-0.7314136028289795,-0.3019132614135742,-0.2755464017391205,2.025207281112671,3.113501787185669,3.1036524772644043
14,0,-402.9610595703125,160.4413604736328,42.174530029296875,-11.12297534942627,-27.19916343688965,-14.732637405395508,-4.294445514678955,-6.546445846557617,-1.7139573097229004,-5.322068691253662,-7.966348171234131,0.3804847300052643,1.2568787336349487,1.357450246810913,2.608208417892456,-1.9390984773635864,-1.1375441551208496,5.02284574508667,9.8885498046875,10.790823936462402
15,0,-381.2569580078125,139.2611846923828,39.64492416381836,-10.952174186706543,-24.803646087646484,-14.348836898803711,-2.891087055206299,-3.2089314460754395,-0.702102780342102,-0.5946805477142334,-3.8744592666625977,-1.5947192907333374,-0.6332762837409973,-1.304254174232483,0.5444054007530212,0.1779208779335022,1.106756567955017,7.584660053253174,10.175088882446289,3.870687246322632
16,0,-325.41583251953125,167.87445068359375,-13.004598617553711,9.353575706481934,-11.708118438720703,3.4979336261749268,-3.5807347297668457,14.745140075683594,13.161468505859375,16.647571563720703,3.381941318511963,-0.9681262373924255,2.6779308319091797,13.6275634765625,10.362008094787598,-0.4056158661842346,-3.5029075145721436,-0.45779949426651,4.601390361785889,-4.788177013397217
17,0,-162.25244140625,154.72679138183594,-24.79421043395996,-27.20675277709961,-26.423425674438477,-3.655693531036377,-23.750804901123047,-9.278885841369629,-12.025962829589844,-3.2146806716918945,-3.678102493286133,0.059620071202516556,-2.076190948486328,1.4397921562194824,5.234057903289795,3.177612066268921,4.798760890960693,8.535670280456543,4.267575263977051,-2.9985220432281494
18,0,-333.6452941894531,127.57653045654297,-19.299957275390625,-41.62706756591797,-17.459186553955078,-23.2149715423584,-23.52520751953125,-17.30708885192871,-18.306833267211914,-10.261211395263672,-4.636350154876709,-8.996227264404297,-2.3429417610168457,6.230469703674316,2.0440447330474854,1.580148696899414,4.3250412940979,-3.496765375137329,-10.244000434875488,-6.850949764251709
19,0,-405.50469970703125,59.75508499145508,-4.076709747314453,-8.55070686340332,-16.86380386352539,-2.2508785724639893,-9.876717567443848,-21.601186752319336,-16.974382400512695,-4.904516696929932,-4.200424671173096,-6.215578079223633,-3.036698341369629,-5.77250862121582,-5.633804798126221,-3.022491455078125,-1.4649027585983276,-0.34127679467201233,-0.1061428114771843,-0.06997110694646835
20,0,-540.9214477539062,49.545509338378906,-2.481576681137085,-7.025367736816406,-6.217634677886963,6.256861209869385,1.5759787559509277,1.420383334159851,2.787421464920044,4.22322416305542,1.6933518648147583,2.3600082397460938,-0.4753207564353943,0.8060793876647949,2.193793773651123,1.0190449953079224,0.7886857986450195,0.4037187099456787,1.968874454498291,0.9724328517913818
21,0,-569.1898803710938,30.91676139831543,5.3739399909973145,0.9956992268562317,1.885062575340271,2.3504271507263184,-1.417464017868042,0.3166877031326294,2.2516837120056152,1.6899248361587524,1.055051326751709,3.6822073459625244,5.124872207641602,6.4031877517700195,4.861119270324707,3.12654185295105,1.4159464836120605,1.4793336391448975,2.3895115852355957,2.7022016048431396
22,0,-395.8642578125,120.5935287475586,-10.0141019821167,-41.370052337646484,-44.26704025268555,-19.221569061279297,-13.339999198913574,3.365718126296997,-3.703672170639038,-0.5290272235870361,5.594931602478027,0.7226518392562866,4.571760177612305,-0.7389962673187256,0.9113830327987671,-0.020311783999204636,-7.208193778991699,-3.1710095405578613,-2.2207283973693848,-6.713963985443115
23,0,-174.0363311767578,134.54843139648438,-42.17766189575195,-6.032583236694336,-26.258127212524414,-1.9668691158294678,-14.483080863952637,11.238521575927734,4.631927013397217,12.047624588012695,0.13758046925067902,6.859553813934326,-5.2962212562561035,-3.507779598236084,-2.709836483001709,-4.829614162445068,-0.37260743975639343,-5.227753162384033,0.10205941647291183,-3.9485275745391846
24,0,-562.475341796875,22.82734489440918,11.125082015991211,4.626622200012207,-3.784414768218994,-0.862525999546051,0.15626199543476105,-0.4384154975414276,-2.36358642578125,-1.0920428037643433,-2.1166062355041504,-0.5655829906463623,1.1428266763687134,1.0066471099853516,0.1063489094376564,-1.0616618394851685,-0.42630282044410706,-0.3318575620651245,-0.7400620579719543,-0.5293326377868652
25,0,-428.1361389160156,144.6636505126953,36.401878356933594,4.072922706604004,3.245725154876709,10.258675575256348,-0.008900512009859085,-9.664074897766113,-5.394811630249023,-6.892867088317871,-6.463703632354736,-0.539871871471405,0.008831829763948917,1.4318110942840576,-0.28506776690483093,-2.356045722961426,2.135976791381836,4.110849380493164,3.0357494354248047,1.904995322227478
26,0,-444.5066223144531,108.07027435302734,-9.721490859985352,-29.379518508911133,-27.893402099609375,2.129595994949341,-1.0854442119598389,4.080377578735352,9.06311321258545,2.9175496101379395,8.505081176757812,13.552558898925781,12.22424030303955,15.037077903747559,9.753548622131348,3.9395840167999268,4.82545804977417,4.128175735473633,6.330419063568115,4.943225860595703
27,0,-393.34002685546875,78.33950805664062,4.8435468673706055,-7.677364826202393,-12.608695030212402,-4.1067938804626465,-6.195753574371338,-4.184720516204834,-0.3469483554363251,2.492715358734131,-0.46151745319366455,-3.7944371700286865,3.943965435028076,4.321703910827637,-1.0775223970413208,-0.9136449098587036,6.032049179077148,12.462124824523926,11.19356918334961,7.153292179107666
28,0,-393.53411865234375,93.14241790771484,22.99176597595215,3.149385452270508,-9.233454704284668,-12.371768951416016,-16.261058807373047,-3.0523440837860107,-6.020660877227783,-12.747739791870117,-2.9380686283111572,2.04720401763916,-1.1577744483947754,1.1920326948165894,2.492534637451172,3.44280743598938,6.919449329376221,3.337881565093994,-0.624617338180542,-3.4499380588531494
29,0,-371.7929992675781,148.77870178222656,1.182663083076477,-6.767587184906006,4.380857467651367,5.0601983070373535,7.477819919586182,1.9910027980804443,6.722210884094238,14.44709587097168,8.971588134765625,4.4040679931640625,2.2998735904693604,2.34016489982605,6.111140251159668,3.491952657699585,0.22284911572933197,-0.9340202808380127,-1.4360888004302979,0.15228983759880066
30,0,-430.7451477050781,94.61778259277344,11.175371170043945,-7.447166442871094,-2.9301304817199707,-3.736931324005127,-8.832237243652344,0.19566939771175385,-0.3237389922142029,-6.488664150238037,-3.9246256351470947,-3.761106491088867,-3.7815895080566406,-0.0005072573549114168,4.797165393829346,8.094149589538574,0.4761223793029785,-5.206515789031982,-2.076594352722168,0.04328365996479988
31,0,-420.427490234375,106.55811309814453,15.554007530212402,-14.627363204956055,-20.384593963623047,-16.87720489501953,-14.146434783935547,-13.631684303283691,-15.532919883728027,-9.996540069580078,-5.8837127685546875,-0.3748505413532257,3.5380609035491943,3.471381187438965,2.5711796283721924,-1.3339489698410034,-5.258245468139648,-0.363608717918396,5.02759313583374,8.251617431640625
32,0,-360.1109924316406,96.70458984375,11.01987361907959,-4.461902618408203,-15.150064468383789,-10.79757022857666,-11.475421905517578,-4.784363746643066,-0.8004310131072998,0.4627199172973633,4.717363357543945,7.874298572540283,2.426114797592163,1.8045403957366943,2.557257890701294,-0.4683243930339813,-1.794702410697937,-5.496696472167969,-2.508909225463867,-0.5538358688354492
33,0,-331.02349853515625,124.45005798339844,-20.81972312927246,-29.477537155151367,-36.92453384399414,-7.3621416091918945,-16.955490112304688,-7.0520920753479,-2.5750746726989746,-8.8720064163208,-0.7342526316642761,7.775720119476318,-0.9536333680152893,8.62677001953125,15.640704154968262,9.159485816955566,7.8982415199279785,-10.858400344848633,-10.457113265991211,-1.245192527770996
34,0,-234.37347412109375,99.58019256591797,-82.45767211914062,-36.52465057373047,-20.33646011352539,7.463486194610596,-2.041224241256714,2.62375807762146,-2.431060791015625,-3.741070508956909,-5.183937072753906,-4.896292686462402,-5.353518009185791,-2.638826608657837,-4.913191318511963,-2.963397264480591,-3.2196602821350098,-3.2995822429656982,-0.06592575460672379,0.485308438539505
35,0,-366.30633544921875,120.8839340209961,12.04064655303955,-3.4236152172088623,-24.15654182434082,-13.960710525512695,-6.252333641052246,-3.0401384830474854,-11.999933242797852,-6.368051528930664,-2.9636175632476807,-8.900347709655762,-15.759538650512695,-6.35338020324707,-0.520636796951294,-5.747254848480225,1.8965160846710205,5.140046119689941,13.023810386657715,8.737386703491211
36,0,-326.8812255859375,144.32232666015625,6.48205041885376,-27.831026077270508,-16.863832473754883,7.512725830078125,11.084623336791992,10.340848922729492,19.549652099609375,15.883360862731934,5.1199631690979,-1.2877761125564575,1.9579815864562988,10.094738006591797,7.503547668457031,-2.6061840057373047,-6.1532063484191895,0.932339608669281,6.487326145172119,-0.24217312037944794
37,0,-359.941162109375,176.98028564453125,-28.360618591308594,-77.31764221191406,-23.380651473999023,-8.309164047241211,-27.328092575073242,-21.979385375976562,-0.5771850943565369,3.4058337211608887,-1.0077470541000366,10.750226974487305,22.241167068481445,11.816118240356445,0.7583775520324707,4.018693923950195,2.963568925857544,-4.296106815338135,-2.03488826751709,5.532540321350098
38,0,-439.38018798828125,43.62647247314453,8.433101654052734,-3.924621820449829,-11.53152847290039,-8.501081466674805,-6.051327228546143,-8.187362670898438,-6.293735027313232,-2.2616002559661865,-1.9234157800674438,-3.4043490886688232,-2.2391393184661865,-1.8650563955307007,0.9978891611099243,4.832775115966797,1.9055553674697876,-0.5780423283576965,0.402410626411438,1.1875909566879272
39,0,-502.3388977050781,23.68543815612793,-30.867095947265625,1.4319276809692383,2.182077169418335,2.3238420486450195,7.6738786697387695,8.510459899902344,1.0434954166412354,-0.6759380102157593,2.1329329013824463,0.33218738436698914,2.92910099029541,0.9762003421783447,-1.0298479795455933,-1.2747679948806763,-0.5297908782958984,1.0821846723556519,1.7090870141983032,1.2285641431808472
40,1,-437.0399475097656,66.61225891113281,-7.12512731552124,-15.996088027954102,-7.772340297698975,7.760850429534912,10.410696983337402,-4.718368053436279,-10.677705764770508,-9.059210777282715,-2.2909295558929443,5.926145553588867,10.995893478393555,16.344160079956055,12.816332817077637,-1.3700511455535889,-4.721221923828125,-0.12433013319969177,-4.796804904937744,2.6013424396514893
41,1,-431.7779235839844,52.767086029052734,-32.00059509277344,7.911695957183838,-0.794272780418396,14.756982803344727,-10.511768341064453,5.201588153839111,-0.7103061676025391,12.237600326538086,3.4630753993988037,1.1003047227859497,-3.7706568241119385,0.8131083250045776,2.5326836109161377,2.873866558074951,3.1934523582458496,-1.841123342514038,-0.24543438851833344,1.1096765995025635
42,1,-591.7071533203125,56.3693733215332,-20.38642692565918,16.524532318115234,-6.633800506591797,-5.246469974517822,9.75598430633545,-4.649815082550049,-2.711519718170166,2.6001272201538086,5.930636882781982,5.43019962310791,2.0342395305633545,-5.338706970214844,-6.059435844421387,1.72121000289917,-1.4757763147354126,1.666419267654419,2.4715030193328857,-2.1397228240966797
43,1,-662.685302734375,59.80635452270508,-21.038108825683594,12.30057144165039,-20.953357696533203,1.533199667930603,26.856931686401367,-8.992643356323242,0.28068068623542786,9.024882316589355,-0.32771360874176025,8.534893035888672,2.661292314529419,-12.518205642700195,-5.181827545166016,8.945531845092773,6.426031589508057,-1.506009578704834,-4.44197416305542,1.9640429019927979
44,1,-406.82489013671875,68.52019500732422,-39.0445442199707,-7.557855129241943,-16.76367950439453,0.607211172580719,3.581737518310547,-1.862074613571167,-5.186874866485596,3.4428563117980957,5.5519890785217285,6.277083873748779,11.936504364013672,-0.38637930154800415,-3.5801713466644287,-3.8040835857391357,0.6044595241546631,-1.465780258178711,-3.4632210731506348,-1.009700059890747
45,1,-373.4908752441406,91.04703521728516,-27.54318618774414,-24.233171463012695,13.072592735290527,2.6340725421905518,-8.390876770019531,1.7830841541290283,1.119855523109436,-1.0836045742034912,7.85221529006958,6.331109046936035,-3.0630576610565186,2.13901424407959,7.637302875518799,-2.623948335647583,-7.071351528167725,0.7923893928527832,1.6797990798950195,-0.9009146094322205
46,1,-371.5688171386719,44.88361740112305,-33.06951141357422,-4.138847351074219,-23.107208251953125,12.381998062133789,-13.555683135986328,4.942780494689941,-17.279489517211914,6.2429914474487305,10.171796798706055,9.448993682861328,25.355663299560547,9.840478897094727,4.070786476135254,-7.227229118347168,-2.935378074645996,-3.5367026329040527,1.324666976928711,0.28476482629776
47,1,-490.8003845214844,64.17080688476562,-13.940266609191895,4.75583553314209,2.9970085620880127,1.8525776863098145,-0.46643123030662537,5.724169731140137,-1.7205491065979004,3.1037473678588867,5.803039073944092,9.357197761535645,-1.1070533990859985,-2.2254409790039062,-2.6981372833251953,-1.298112154006958,4.585017204284668,2.203242778778076,-0.3634645640850067,-3.506399154663086
48,1,-403.94573974609375,42.18309020996094,-48.524017333984375,-29.209644317626953,-27.261371612548828,-4.915144443511963,-19.465627670288086,-10.95535659790039,-11.382187843322754,-5.009431838989258,-0.8679066300392151,6.438581943511963,13.875463485717773,2.119025945663452,2.201831579208374,2.9911718368530273,-2.143096923828125,-4.791123390197754,-4.495168209075928,1.3774608373641968
49,1,-390.51153564453125,47.61437225341797,-12.309855461120605,-7.0829033851623535,-0.9646603465080261,3.1877663135528564,-2.3085014820098877,1.5064088106155396,-9.53039264678955,-2.4406657218933105,-3.0734453201293945,8.17741870880127,5.985681056976318,4.4747748374938965,-4.328805446624756,-2.456716299057007,-2.9372949600219727,-0.31857171654701233,0.25478067994117737,0.6850430965423584
50,1,-510.8927917480469,53.27711868286133,-44.92233657836914,-48.29256057739258,-23.881956100463867,5.16247034072876,3.790295362472534,-8.090374946594238,-10.868151664733887,1.3208078145980835,-7.67855978012085,1.3110464811325073,5.911447048187256,0.6304896473884583,2.1129069328308105,8.499096870422363,14.32186222076416,-10.506434440612793,-6.04533576965332,-1.2434895038604736
51,1,-365.2391662597656,106.89198303222656,-2.063967704772949,3.3305437564849854,-23.2450008392334,12.517040252685547,-1.3784667253494263,-0.6335112452507019,-9.917445182800293,3.2442381381988525,-7.987349033355713,-0.13709940016269684,3.734915018081665,-1.9512580633163452,3.9057633876800537,6.633515357971191,1.9672045707702637,-11.527532577514648,-4.0857720375061035,-3.9171700477600098
52,1,-542.1678466796875,41.02864456176758,-31.41630744934082,-13.65452766418457,-10.45779037475586,12.850117683410645,10.852370262145996,-7.167691707611084,-2.019265651702881,3.877101182937622,11.501952171325684,18.697969436645508,7.613691806793213,0.43852633237838745,5.989706516265869,0.9585325121879578,-10.669904708862305,-6.283098220825195,6.597659587860107,0.509305477142334
53,1,-434.5343017578125,65.72457122802734,-38.840999603271484,6.285667419433594,10.680424690246582,6.457370758056641,7.160637855529785,6.401640892028809,12.309484481811523,15.353443145751953,13.48192024230957,7.606192588806152,0.23980550467967987,-0.2794424593448639,8.036337852478027,5.484396934509277,5.6385369300842285,4.8290557861328125,1.114047884941101,7.368247985839844
54,1,-394.92059326171875,93.25025177001953,-32.253204345703125,-0.6350414752960205,6.2644476890563965,5.692540168762207,2.4608066082000732,8.14676284790039,10.89348030090332,16.878286361694336,18.599035263061523,10.072484970092773,-2.3221848011016846,-0.3980255424976349,8.548223495483398,4.366419315338135,8.874016761779785,5.315939903259277,2.588343858718872,9.802042961120605
55,1,-443.1558837890625,72.72843170166016,-11.304506301879883,4.467512130737305,3.5183660984039307,10.647068977355957,-4.5977630615234375,0.4488484263420105,4.780595302581787,6.135293483734131,3.723858594894409,1.7125656604766846,-4.841301918029785,-0.5831609964370728,3.9435389041900635,-3.1810572147369385,1.0218276977539062,5.363129615783691,2.787757635116577,-1.6245336532592773
56,1,-508.4139404296875,18.588586807250977,-39.28959655761719,6.855757713317871,-2.1039299964904785,-0.5908108353614807,-12.464742660522461,-6.416805267333984,1.7045841217041016,8.43532657623291,12.548829078674316,7.445346832275391,4.627206802368164,-2.1408233642578125,-0.035968117415905,2.149733781814575,2.0161242485046387,-0.39135366678237915,-0.8292236328125,-2.1297738552093506
57,1,-512.7697143554688,23.460416793823242,-32.261043548583984,-31.746049880981445,-14.716473579406738,20.69312286376953,-9.9521484375,-12.809738159179688,-12.343106269836426,13.524036407470703,27.99663543701172,13.266934394836426,0.7482431530952454,-18.484764099121094,-6.272633075714111,-0.615217924118042,-10.785815238952637,4.750232696533203,8.644030570983887,-2.657660961151123
58,1,-397.48724365234375,74.4846420288086,-51.14812088012695,-29.33950424194336,-23.95062828063965,-8.957130432128906,10.92814826965332,3.4167213439941406,-0.7255999445915222,-3.702129364013672,-4.153069019317627,7.869318008422852,19.72677993774414,18.8625545501709,6.923144340515137,6.653392791748047,15.38394546508789,4.849796772003174,-6.42602014541626,-3.757417917251587
59,1,-407.1457214355469,70.09769439697266,-17.330312728881836,-2.7613391876220703,-20.06956672668457,-0.3939962387084961,-1.797873616218567,-7.730086326599121,-6.318169593811035,-4.234851360321045,-1.1475327014923096,4.584499835968018,5.330689430236816,-4.105300426483154,-7.460876941680908,-5.489471435546875,-3.0078158378601074,-2.943979024887085,-0.3845771849155426,-3.7106621265411377
60,1,-422.9947204589844,53.35344314575195,-7.539895534515381,-5.0922651290893555,-14.348467826843262,1.0386967658996582,13.431815147399902,5.732430458068848,1.6847403049468994,-2.3655059337615967,5.29746675491333,13.713826179504395,14.818952560424805,12.293963432312012,-2.8172919750213623,-10.143722534179688,-2.5505642890930176,2.378767490386963,3.8674333095550537,0.906133234500885
61,1,-456.0908203125,23.529590606689453,-12.088733673095703,-9.48439884185791,-11.118993759155273,6.408820629119873,-1.227103352546692,-2.3346076011657715,-4.7684006690979,-0.602450966835022,4.792296886444092,14.220839500427246,17.97841453552246,8.301448822021484,-3.5865509510040283,-6.467243671417236,-4.236571788787842,-4.254604816436768,-0.11104635149240494,4.689258098602295
62,1,-311.1690979003906,28.59736442565918,-27.698057174682617,-10.968635559082031,-25.288005828857422,3.733980417251587,0.7159002423286438,-8.517241477966309,-10.589948654174805,-5.952798843383789,-0.49564987421035767,20.10492706298828,15.02631664276123,6.968756675720215,-1.897864580154419,-6.052308559417725,-3.2725830078125,0.0036905736196786165,0.8288582563400269,-2.085078716278076
63,1,-449.3656921386719,54.094303131103516,-43.887821197509766,-28.567808151245117,-8.683645248413086,-12.630498886108398,-9.396175384521484,2.4638872146606445,9.43995475769043,9.687088012695312,12.778202056884766,10.334254264831543,2.423802375793457,-0.5064061880111694,0.16941730678081512,-2.727902889251709,-3.8736438751220703,-0.24632975459098816,0.3751433789730072,2.1770365238189697
64,1,-415.3500671386719,85.95863342285156,-34.99433898925781,-15.599056243896484,-20.942373275756836,14.757683753967285,7.107341289520264,2.1465706825256348,-7.935860633850098,12.700000762939453,-3.714860677719116,1.2472397089004517,19.503963470458984,7.714451789855957,17.41973876953125,14.443397521972656,-0.31700173020362854,-5.2652506828308105,-6.8643293380737305,-2.062819004058838
65,1,-465.6839599609375,43.861541748046875,-45.438446044921875,-19.615964889526367,-4.900277137756348,-1.830763578414917,-11.406400680541992,2.5551352500915527,16.125104904174805,7.989442348480225,11.430488586425781,11.489388465881348,0.5935992002487183,-2.469780445098877,1.682865023612976,-1.6148924827575684,-2.170807361602783,2.3860960006713867,3.5576822757720947,2.829852342605591
66,1,-487.1221008300781,40.626365661621094,-55.471336364746094,-22.310611724853516,-21.190221786499023,-9.035788536071777,-17.95315933227539,-4.019534587860107,3.585434675216675,-0.601401150226593,7.139415740966797,7.969509601593018,4.305461406707764,-0.1263498216867447,3.2450053691864014,-3.583928346633911,-5.0198540687561035,0.9879534244537354,1.9924633502960205,1.528968095779419
67,1,-457.50262451171875,20.353761672973633,-40.83167266845703,-24.268936157226562,-19.502347946166992,-0.8976975083351135,-16.6547908782959,1.8659371137619019,2.458406925201416,-0.6672533750534058,4.422238349914551,10.552238464355469,2.261324405670166,6.661311626434326,3.7562732696533203,-7.400217056274414,-3.428631544113159,1.7056831121444702,2.5231122970581055,-1.7410945892333984
68,1,-412.0065612792969,79.83316040039062,-23.003625869750977,-44.97380828857422,-13.625190734863281,-0.12898321449756622,-9.389287948608398,-7.969211101531982,-0.987769603729248,-4.24176549911499,0.8862297534942627,14.062826156616211,11.340091705322266,-1.2012038230895996,-5.6730499267578125,-6.057925224304199,-6.510859966278076,-2.3325743675231934,0.08164376020431519,-2.094545364379883
69,1,-455.1766357421875,72.07559204101562,-6.482192516326904,-10.049551963806152,-6.868969440460205,9.21194076538086,1.5875929594039917,1.0275737047195435,-1.6370185613632202,4.860967636108398,4.030863285064697,6.2004780769348145,9.685243606567383,6.678225994110107,4.458138465881348,4.150905132293701,0.8394349217414856,-3.280052423477173,-0.35435423254966736,0.7514962553977966
70,1,-430.1838684082031,36.78997039794922,-11.613569259643555,-1.3322093486785889,-20.964685440063477,5.320662498474121,7.057816028594971,2.369166135787964,-14.370061874389648,-3.714165449142456,7.676253795623779,7.828385353088379,10.510370254516602,4.887679100036621,2.2230100631713867,4.538294792175293,3.304224967956543,0.6849372982978821,-0.9326664805412292,2.701087236404419
71,1,-395.24981689453125,60.324214935302734,-7.145730018615723,1.9997538328170776,-20.058557510375977,-4.768023490905762,-3.303858995437622,2.1833341121673584,-7.565365791320801,-5.712258338928223,-6.548714637756348,-1.6367318630218506,1.478233814239502,4.757176876068115,4.614582061767578,1.7476698160171509,0.008623428642749786,-3.8293960094451904,-2.5418217182159424,-6.386386871337891
72,1,-437.041015625,70.09291076660156,-6.266459941864014,-13.039189338684082,-14.13212776184082,-5.452594757080078,1.0956991910934448,-2.930481433868408,-7.779568195343018,-5.596167087554932,-2.471986770629883,-1.424523115158081,6.089632987976074,8.953508377075195,6.34555721282959,5.779474258422852,6.499490261077881,4.138830184936523,1.4366854429244995,-1.6684733629226685
73,1,-404.1689453125,81.24430847167969,-24.58770751953125,-16.182476043701172,-10.025347709655762,-10.780964851379395,-7.011267185211182,-6.2915544509887695,-5.613275527954102,-4.977234363555908,-2.165656805038452,5.573153018951416,16.409996032714844,16.52562713623047,12.209959983825684,5.753961563110352,-7.324212074279785,-8.484166145324707,-0.6168602108955383,-2.446673631668091
74,1,-399.1321105957031,53.28237533569336,1.636327862739563,-15.251276969909668,-29.7469425201416,8.36556339263916,-14.652356147766113,-8.271784782409668,-18.269237518310547,-0.3989231586456299,-9.926080703735352,4.268738746643066,5.202690124511719,1.612653374671936,-2.1938915252685547,-2.144977331161499,-1.1691663265228271,-15.879728317260742,-9.346960067749023,-8.990246772766113
75,1,-393.8013916015625,39.1861686706543,-0.7234577536582947,-9.141822814941406,-21.025409698486328,4.411567687988281,-11.097914695739746,-0.9856601357460022,-15.3185396194458,0.2739415764808655,-6.764513969421387,11.537199020385742,6.940891742706299,-0.7531249523162842,-4.9223504066467285,-13.844812393188477,-9.59830093383789,-11.109295845031738,-1.6794110536575317,-10.066882133483887
76,1,-362.8211364746094,72.8839111328125,-19.62563133239746,-26.916337966918945,-21.066844940185547,5.184015274047852,-12.285582542419434,-14.946125984191895,-16.852401733398438,-5.962516784667969,-8.649723052978516,5.145289897918701,1.9774999618530273,-2.25679612159729,-5.986250877380371,-4.251846790313721,-2.1099014282226562,-12.645891189575195,-6.499877452850342,-7.972496509552002
77,1,-424.2935791015625,57.2604866027832,-21.525413513183594,-16.321792602539062,-12.101924896240234,2.754697561264038,-4.399731159210205,-8.746622085571289,-7.348741054534912,0.5829123854637146,5.73110818862915,6.965739727020264,-1.9579583406448364,-8.527196884155273,-2.891033411026001,-4.93213415145874,-5.156696319580078,1.225072979927063,-1.1957824230194092,-4.412083148956299
78,1,-427.68359375,51.14493179321289,-25.414926528930664,0.3693994879722595,-19.804759979248047,16.082998275756836,-1.0993602275848389,3.0464751720428467,-15.60269832611084,2.1880288124084473,0.2275470644235611,4.913630962371826,6.744420528411865,3.1381735801696777,-1.1659717559814453,-2.4700636863708496,0.7743070721626282,-4.114830493927002,-3.474843978881836,-4.355838298797607
79,1,-401.0455322265625,62.0106315612793,-18.84154510498047,3.680769681930542,-18.409032821655273,6.600766658782959,-0.15405066311359406,-2.4325361251831055,-13.143830299377441,-0.008288920857012272,-1.4745205640792847,5.10690975189209,11.816944122314453,4.929344654083252,-1.720758080482483,-0.08762012422084808,2.4328980445861816,-6.064865589141846,-1.514510989189148,-0.8250674605369568
80,2,-99.7098617553711,181.74415588378906,-42.31594467163086,25.12155532836914,-15.990787506103516,-11.945194244384766,-11.04484748840332,2.471372604370117,-7.646794319152832,-12.563502311706543,-12.236358642578125,-6.375205993652344,-0.16522373259067535,-7.090640544891357,-9.082828521728516,-6.378632545471191,-4.219156742095947,-8.899812698364258,-9.41247272491455,-4.844870090484619
81,2,-193.51954650878906,159.1337432861328,-33.170169830322266,30.3795223236084,-7.490571022033691,-13.537994384765625,-12.491754531860352,2.2960667610168457,-5.707355976104736,-7.199282169342041,-9.69019889831543,-7.486331939697266,-4.081022262573242,-4.821853160858154,-2.862555742263794,-5.105644702911377,-5.51074743270874,-8.794317245483398,-9.128593444824219,-6.2553324699401855
82,2,-165.5460968017578,162.64508056640625,-35.86518478393555,24.434940338134766,-11.572885513305664,-4.202160835266113,-12.022586822509766,6.4197611808776855,-6.157989978790283,-4.964050769805908,-8.192267417907715,-6.896265029907227,-5.660773754119873,-7.403445720672607,1.4896056652069092,-3.2849817276000977,-1.9181671142578125,-7.475697994232178,-4.573862552642822,-2.0717849731445312
83,2,-147.57568359375,176.53778076171875,-41.061588287353516,23.804636001586914,-10.589993476867676,1.843013048171997,-11.38694953918457,14.936667442321777,-8.7155122756958,-5.573256969451904,-11.571084976196289,-3.3931729793548584,-5.617401599884033,-8.709854125976562,0.970833957195282,-7.886683464050293,-5.286190032958984,-12.070672988891602,-4.358126640319824,-2.6101462841033936
84,2,-212.41607666015625,180.37615966796875,-34.29658889770508,28.620872497558594,-7.123025894165039,2.472412586212158,-9.334635734558105,14.282672882080078,-8.562785148620605,-1.7249622344970703,-12.216571807861328,-6.627834320068359,-7.533241271972656,-9.68478775024414,-0.26594942808151245,-8.641263008117676,-7.336597442626953,-11.805729866027832,-4.420472145080566,-0.6785631775856018
85,2,-152.27809143066406,149.1177978515625,-64.94549560546875,26.953065872192383,2.271108865737915,-9.222853660583496,-11.796156883239746,3.793402910232544,-2.800647497177124,-2.00105357170105,1.0148634910583496,5.573342323303223,6.167984962463379,3.0658442974090576,2.5865654945373535,0.5932654142379761,-3.2670626640319824,-7.7167181968688965,3.3958404064178467,-2.414349317550659
86,2,-185.90164184570312,157.9136505126953,-73.97830963134766,29.516157150268555,12.818528175354004,-10.782593727111816,-7.85874080657959,11.729879379272461,-6.010529041290283,-15.822360038757324,1.254070520401001,8.392853736877441,-4.046442031860352,-2.9149224758148193,-2.6468169689178467,-1.8167699575424194,-5.682407379150391,-4.95577335357666,5.697068691253662,-5.650074481964111
87,2,-105.2786636352539,138.53744506835938,-101.13275909423828,27.63431167602539,-5.843063831329346,-11.305880546569824,-12.352754592895508,-0.10329127311706543,-2.090444803237915,-18.726818084716797,-0.7091788053512573,21.288196563720703,4.687459945678711,-8.373221397399902,-4.626445770263672,4.243813991546631,-13.397978782653809,-3.01747727394104,16.19613265991211,-3.18550705909729
88,2,-160.30862426757812,202.3194580078125,-6.240846633911133,28.35321044921875,12.198623657226562,-0.8379894495010376,-3.7414400577545166,2.621757984161377,-10.885873794555664,-9.571842193603516,0.9365552067756653,6.179314613342285,6.699584007263184,2.8160409927368164,1.4868500232696533,2.274719476699829,-0.40536293387413025,-10.0963773727417,-9.435482025146484,-2.177236318588257
89,2,-185.2335662841797,168.46124267578125,-6.95599365234375,23.05277442932129,5.727600574493408,3.7114014625549316,-2.102578639984131,6.705977439880371,-9.781039237976074,-1.4216654300689697,7.658207893371582,11.299267768859863,8.936014175415039,7.889614582061768,2.0589005947113037,0.4472508132457733,0.13425815105438232,-3.4371204376220703,-3.8937807083129883,3.120452642440796
90,2,-196.77142333984375,150.85523986816406,-14.584298133850098,26.530208587646484,4.389443397521973,-1.968275547027588,-5.007856845855713,10.465752601623535,-4.667409420013428,3.1458892822265625,1.6427325010299683,-0.06029576063156128,3.4414210319519043,6.870832443237305,0.012015075422823429,2.6806869506835938,1.6172622442245483,0.3275778889656067,0.12847404181957245,3.824367046356201
91,2,-199.31265258789062,130.5863800048828,-25.961349487304688,35.05565643310547,11.861133575439453,3.4680769443511963,-4.483749866485596,8.825237274169922,0.08738358318805695,8.500871658325195,-1.395865797996521,5.717562198638916,1.5502020120620728,6.338393211364746,-1.7922855615615845,2.4881649017333984,3.1106278896331787,2.4300925731658936,0.8674371838569641,2.6833972930908203
92,2,-161.07322692871094,162.43568420410156,-33.04988479614258,20.33438491821289,-17.29566192626953,-4.070653915405273,-10.838953018188477,10.482234001159668,-0.13886107504367828,-2.1242854595184326,-9.00948715209961,-7.018362998962402,-1.9096518754959106,-8.028796195983887,-6.520936965942383,-6.933550834655762,-7.541693210601807,-7.979914665222168,-3.5928092002868652,-7.516077518463135
93,2,-242.19264221191406,148.59886169433594,-35.683998107910156,23.369924545288086,-20.318044662475586,0.9047937989234924,-13.470564842224121,6.854281902313232,-7.6853861808776855,0.06859084218740463,-9.669313430786133,-6.544968128204346,-7.163552761077881,-7.426568031311035,-9.666672706604004,-9.157804489135742,-6.78570556640625,-7.755913257598877,-5.7734456062316895,-6.9821343421936035
94,2,-240.73651123046875,140.98497009277344,-19.375629425048828,15.803799629211426,-3.1893932819366455,-6.7261576652526855,-7.256638050079346,-2.0812692642211914,-2.9365885257720947,-4.753508567810059,-7.913379192352295,-7.492194175720215,-4.025917053222656,-5.942930221557617,-6.6986823081970215,-7.693058967590332,-8.397716522216797,-8.509642601013184,-7.623536109924316,-7.162591457366943
95,2,-222.83192443847656,96.81259155273438,-60.46272277832031,76.06340789794922,-30.14067268371582,30.209165573120117,0.35442379117012024,30.790727615356445,-13.012544631958008,11.173365592956543,-0.24632924795150757,10.0695219039917,-4.371744155883789,-0.9282508492469788,5.446341037750244,6.0102620124816895,2.662297487258911,-8.898141860961914,-2.240067481994629,-15.233856201171875
96,2,-505.86676025390625,46.79872512817383,-28.596885681152344,17.623767852783203,-5.418534278869629,5.756503582000732,0.7528210282325745,1.491417646408081,-4.855094909667969,0.017583293840289116,-1.8662406206130981,-0.565727949142456,-3.1488871574401855,-0.9175173044204712,-1.2367441654205322,-0.879935622215271,-1.5751224756240845,0.21450544893741608,-0.7391051054000854,2.273495674133301
97,2,-200.0734100341797,145.21055603027344,-14.941133499145508,25.3438720703125,-7.597699165344238,22.460796356201172,2.081766366958618,10.078003883361816,-0.875601589679718,-0.941254734992981,2.6731760501861572,5.836088180541992,2.0936782360076904,2.175421714782715,4.77831506729126,0.7281901240348816,1.856544017791748,0.3178848922252655,0.7670841813087463,-1.0807747840881348
98,2,-263.44305419921875,111.77205657958984,-25.31088638305664,39.09645462036133,-8.751830101013184,7.573889255523682,-0.43299829959869385,6.592295169830322,-10.388544082641602,-0.5682953596115112,2.644233465194702,4.941985130310059,0.18316125869750977,3.0212793350219727,3.298365354537964,2.3203601837158203,8.006903648376465,0.903500497341156,-1.33617103099823,-0.006669613067060709
99,2,-239.7763671875,109.94449615478516,-40.04657745361328,35.793251037597656,-18.749675750732422,2.4570789337158203,-3.499239206314087,6.955319404602051,-12.116500854492188,-1.8557077646255493,1.0318328142166138,8.139960289001465,2.648306369781494,2.612879753112793,4.357523441314697,4.2277326583862305,5.208112716674805,-0.16518659889698029,-0.2649160325527191,0.6090985536575317
100,2,-331.90545654296875,149.25575256347656,-9.973992347717285,32.54357147216797,-7.315070629119873,-1.9918276071548462,9.857704162597656,11.155479431152344,-6.2193379402160645,1.9092012643814087,3.6098101139068604,1.215536117553711,1.470674753189087,0.10039596259593964,7.562363147735596,3.89286208152771,0.41606438159942627,-1.8680171966552734,-1.7971559762954712,0.21758775413036346
101,2,-262.7662353515625,105.38951873779297,-20.55384063720703,41.22236251831055,-1.2333356142044067,6.995384693145752,-0.520848274230957,7.979482650756836,-2.644814968109131,8.070141792297363,5.992803573608398,11.482187271118164,5.543815612792969,1.95962393283844,4.363935947418213,4.30330228805542,6.423384666442871,0.9859672784805298,1.4118951559066772,1.9464460611343384
102,2,-264.7964782714844,109.7491455078125,-38.03644943237305,39.91145706176758,-18.05835723876953,2.3010342121124268,-1.8038123846054077,9.519320487976074,-12.43687915802002,-2.445547580718994,2.5276224613189697,6.877323150634766,-0.2665814459323883,2.4540188312530518,5.8652663230896,3.9400603771209717,4.934513092041016,0.4921480715274811,-0.014633815735578537,0.31992605328559875
103,2,-322.7513122558594,120.37114715576172,2.398189067840576,24.960222244262695,1.7101062536239624,4.064467906951904,1.1031051874160767,12.183418273925781,0.6407825946807861,5.598824501037598,6.181053638458252,3.1738784313201904,2.378767251968384,-4.116909980773926,-2.924311399459839,3.9635355472564697,5.2922844886779785,2.4180455207824707,3.944284439086914,4.888391971588135
104,2,-296.3405456542969,134.38861083984375,-23.832576751708984,33.75439453125,-13.835273742675781,11.006135940551758,4.950170040130615,5.748085975646973,-5.29443359375,4.576038837432861,-8.035293579101562,1.8929953575134277,-9.588824272155762,0.7657762169837952,-8.931924819946289,2.367652177810669,-4.266332626342773,2.71746563911438,-4.232619762420654,2.333367347717285
105,2,-270.2677307128906,152.4671173095703,-33.01268005371094,32.744293212890625,-8.881285667419434,-1.3880221843719482,-4.677735328674316,-2.8566854000091553,-10.28227424621582,-5.972378730773926,-13.480583190917969,-3.799060344696045,-10.14046859741211,-1.5718363523483276,-7.084810733795166,-4.716191291809082,-8.03581714630127,-1.6244145631790161,-0.9030488133430481,0.5673666596412659
106,2,-384.9398193359375,159.80740356445312,-32.919864654541016,28.154396057128906,17.03791618347168,9.955048561096191,10.023686408996582,8.210962295532227,-0.040707122534513474,2.7443933486938477,2.475043296813965,9.163788795471191,4.06795072555542,6.802484512329102,3.464303970336914,2.6398251056671143,3.575777530670166,4.63398551940918,4.782968521118164,4.345379829406738
107,2,-392.6090393066406,160.1904754638672,-29.549999237060547,23.874238967895508,14.152688026428223,10.507121086120605,6.783273696899414,7.535545825958252,-1.7963690757751465,4.495741844177246,-0.4822782576084137,8.348690032958984,3.574718952178955,8.022113800048828,1.8863285779953003,3.536614179611206,3.0255444049835205,6.666141033172607,2.490941286087036,4.504590034484863
108,2,-263.2884521484375,180.57757568359375,-50.07047653198242,19.412254333496094,-0.46399378776550293,16.78870391845703,8.424101829528809,5.171985626220703,9.687088012695312,-4.332191467285156,-5.8634467124938965,6.724963188171387,3.2586591243743896,-3.43619441986084,-3.6390202045440674,-12.527030944824219,-6.639476776123047,1.750491976737976,2.4753403663635254,5.236595630645752
109,2,-139.98451232910156,136.2467041015625,-32.458003997802734,56.00603485107422,-17.193687438964844,21.6872615814209,-18.187959671020508,13.726560592651367,-3.4482648372650146,4.689493656158447,-4.478933334350586,7.995375633239746,1.0635285377502441,-0.1992369145154953,3.3587615489959717,4.575570106506348,1.7066469192504883,-0.34014394879341125,2.3388915061950684,-2.3071279525756836
110,2,-78.75279235839844,101.64921569824219,-102.92060852050781,53.85026550292969,-22.128286361694336,18.44283103942871,-10.03785228729248,17.879331588745117,-10.323785781860352,8.333096504211426,-0.11634717136621475,8.161639213562012,-2.0652546882629395,3.7826926708221436,1.7941023111343384,1.503027081489563,6.964808464050293,-0.2593705654144287,-0.09280958771705627,0.3274841904640198
111,2,-120.4457015991211,104.71104431152344,-109.47404479980469,44.979984283447266,-3.261247396469116,15.778943061828613,-12.100366592407227,8.8312349319458,-2.7595741748809814,7.2781596183776855,-4.671375751495361,5.888481616973877,4.156062126159668,-5.948667049407959,-2.215036630630493,3.385389804840088,-0.17151357233524323,-4.117573261260986,0.527442991733551,1.4877128601074219
112,2,-205.5717010498047,171.96043395996094,-31.56148910522461,10.908533096313477,-8.812978744506836,2.840456485748291,2.5893921852111816,2.487734317779541,-0.4592522084712982,-3.133441925048828,-2.397265911102295,3.8050925731658936,9.063623428344727,3.695375919342041,3.4081523418426514,0.9013786315917969,0.9151350259780884,0.5454445481300354,-0.14929822087287903,-2.089310646057129
113,2,-368.8704833984375,38.496681213378906,-26.125553131103516,6.716495513916016,-15.393600463867188,-0.6928278207778931,-0.06938713043928146,1.1152939796447754,-3.3950862884521484,0.6368923783302307,-0.07055090367794037,-1.3849518299102783,-2.4784483909606934,-3.2273895740509033,1.2834365367889404,-0.20296409726142883,2.245908498764038,5.068995475769043,3.566169500350952,2.0235259532928467
114,2,-399.63775634765625,80.1663818359375,-5.344985485076904,12.079604148864746,-4.438060283660889,2.268075466156006,-1.5529980659484863,6.6630940437316895,-3.586409568786621,-4.430759906768799,-1.3479830026626587,3.4305782318115234,4.298571586608887,1.606605887413025,-0.21680685877799988,1.2762163877487183,1.1316759586334229,-1.9860304594039917,-0.2962128520011902,0.21856589615345
115,2,-503.398681640625,11.908342361450195,-12.044516563415527,3.6546995639801025,-5.08829927444458,1.2455992698669434,-0.15493860840797424,0.873188316822052,-3.9166958332061768,-0.669950008392334,0.6547996997833252,0.5418682098388672,-0.10189883410930634,0.4916461110115051,2.5808615684509277,2.268303155899048,0.474565714597702,1.1690940856933594,1.6323981285095215,0.3696688413619995
116,2,-198.56565856933594,109.80250549316406,-38.0741081237793,17.958635330200195,-22.170896530151367,-4.650089263916016,-0.5434381365776062,13.374735832214355,-4.390803813934326,-9.004616737365723,-5.082645416259766,2.3371663093566895,4.920180797576904,1.6402194499969482,1.554626703262329,-0.21259699761867523,4.202354431152344,5.801762580871582,3.7334375381469727,3.7589619159698486
117,2,-534.8995971679688,13.543390274047852,-1.901502013206482,2.136615037918091,-0.8911656737327576,0.6191301941871643,-0.5082734227180481,2.8843517303466797,0.9424694776535034,1.5208271741867065,-0.6382543444633484,0.33047422766685486,0.8084402680397034,1.3953814506530762,0.11744081228971481,-0.3326144814491272,-1.0390052795410156,-0.8133125901222229,0.3572353720664978,0.703495442867279
118,2,-461.8514099121094,36.53303909301758,-4.67838191986084,3.183626651763916,-3.160083293914795,-1.0290790796279907,2.471994161605835,0.6990681886672974,1.890633225440979,-2.0259649753570557,-2.07743239402771,0.9164809584617615,0.7410905957221985,-0.06298136711120605,-0.7304852604866028,0.9275630116462708,-0.9055575132369995,-2.327895402908325,-0.5854157209396362,-1.7103055715560913
119,2,-194.3792724609375,142.83912658691406,-19.25331687927246,41.46354293823242,-9.094779968261719,21.850868225097656,-13.847905158996582,16.628801345825195,-8.659672737121582,0.38948020339012146,-2.2957940101623535,0.9622910618782043,-3.4643280506134033,2.458221912384033,-0.4287741780281067,1.749944806098938,6.685111999511719,2.6981022357940674,2.3041820526123047,0.4418315887451172
120,3,-362.4072570800781,60.05835723876953,-6.843437194824219,5.921049118041992,9.050095558166504,8.063525199890137,2.118401288986206,3.438575029373169,0.8336229920387268,-1.6231759786605835,-0.9567615985870361,-0.4590911567211151,2.4315710067749023,-0.5834150910377502,-1.1926844120025635,-0.32730889320373535,-0.9028053879737854,1.3607569932937622,3.1115524768829346,3.975762128829956
121,3,-259.28704833984375,107.56909942626953,31.79250717163086,17.940946578979492,-0.2633344829082489,16.965574264526367,9.64074993133545,8.351479530334473,-7.659757614135742,15.54227352142334,-17.00858497619629,1.0594501495361328,-14.92075252532959,-2.9740803241729736,-6.810894012451172,-2.4689111709594727,-13.297100067138672,1.3993916511535645,-3.952619791030884,-1.129610300064087
122,3,-405.2684020996094,95.40364074707031,-8.65591812133789,-5.907537460327148,-14.134385108947754,3.169003963470459,-5.298027038574219,0.026738673448562622,2.4953179359436035,1.0556175708770752,2.1007912158966064,-11.102887153625488,-9.391057968139648,-4.129772663116455,-1.4721415042877197,0.43889811635017395,-4.393231391906738,-2.9190046787261963,-0.9887228012084961,-1.5824804306030273
123,3,-432.1954650878906,118.44188690185547,34.368568420410156,-17.92587661743164,-15.576057434082031,5.424243927001953,7.467563629150391,-8.988279342651367,-21.84511947631836,-20.03289794921875,-10.3969144821167,-3.2316367626190186,-1.1117268800735474,-0.46767622232437134,1.373072624206543,2.7226245403289795,0.6007972359657288,-3.8255062103271484,-5.478783130645752,-2.4364173412323
124,3,-255.35789489746094,137.52743530273438,-29.677961349487305,11.314815521240234,-8.374512672424316,16.732694625854492,-10.270210266113281,4.666012763977051,0.6413646340370178,2.1482484340667725,3.037719964981079,2.603868246078491,-2.8926327228546143,-8.502995491027832,-3.7019240856170654,-2.52746844291687,0.47350218892097473,4.004841327667236,3.8582491874694824,-1.1221836805343628
125,3,-163.9470672607422,162.70822143554688,-26.414812088012695,4.035741806030273,-6.650656700134277,26.3391056060791,11.626554489135742,21.251934051513672,2.5920751094818115,5.6393961906433105,-2.039947748184204,4.10809850692749,-0.27685701847076416,6.254274368286133,-2.5499603748321533,-4.258828163146973,-4.978999137878418,0.1010551005601883,0.17662660777568817,-0.9471911787986755
126,3,-192.9683837890625,150.4480743408203,-22.104248046875,-3.730825901031494,-4.342242240905762,10.797969818115234,3.5946154594421387,7.311042308807373,2.463433265686035,5.628687381744385,2.2720091342926025,-0.11524811387062073,-4.248579502105713,-3.543596029281616,-5.996833324432373,-5.0691399574279785,-4.601185321807861,-4.002237796783447,-2.61816668510437,-2.4305191040039062
127,3,-361.2969970703125,144.38848876953125,-6.521103858947754,8.043534278869629,1.3031209707260132,-5.866155624389648,0.017113352194428444,4.152963638305664,-2.9260177612304688,-4.10361385345459,-1.3718358278274536,-1.1146332025527954,-6.179759979248047,-12.060370445251465,-8.933144569396973,-10.032442092895508,-4.8590312004089355,2.125885248184204,2.260869026184082,1.84651517868042
128,3,-366.7401428222656,76.59068298339844,-15.611413955688477,-1.6105592250823975,-9.3834867477417,1.1390860080718994,-3.293640613555908,0.5629498362541199,0.32490187883377075,1.5824321508407593,-1.740710735321045,-4.161083221435547,-1.7175050973892212,0.4034862518310547,2.567000389099121,0.016370760276913643,-0.9268764853477478,-1.4605469703674316,-1.8104379177093506,-2.6924796104431152
129,3,-356.8739013671875,59.36861801147461,-12.55739974975586,2.5287842750549316,-5.559218406677246,3.286473274230957,-1.659258246421814,2.8776302337646484,-0.2524394094944,2.33439040184021,-0.8052716255187988,-2.498879909515381,0.21593087911605835,1.7812447547912598,0.6488418579101562,0.3475648760795593,-2.3804931640625,-2.822877883911133,-1.4416728019714355,-1.7117613554000854
130,3,-350.1719055175781,65.92760467529297,-5.254495143890381,2.4437649250030518,0.5465736389160156,3.2290866374969482,-1.0970444679260254,-0.6691820621490479,-0.5252014994621277,1.1654061079025269,0.8435178995132446,0.4366595149040222,1.2566112279891968,0.6208879351615906,-0.2238694131374359,-1.2033554315567017,-0.8082844018936157,-1.5846495628356934,-2.9307875633239746,-3.342935800552368
131,3,-363.2610168457031,73.25736999511719,-13.706204414367676,-2.028348684310913,-9.289440155029297,1.4953032732009888,-5.973207950592041,-0.39070844650268555,0.5454784035682678,-0.7301344275474548,-0.2176796793937683,1.0531646013259888,2.346001148223877,1.0204503536224365,-0.5836907625198364,-1.8901371955871582,-3.0406405925750732,-3.320465326309204,-2.3730125427246094,-1.4940423965454102
132,3,-330.7444763183594,80.82588958740234,-13.849493980407715,-3.9785280227661133,-8.044771194458008,-3.303015947341919,-5.4493608474731445,-4.23776912689209,-2.365664482116699,-0.05483784154057503,-0.5430874824523926,-3.251997947692871,-0.6561997532844543,-1.1677813529968262,-2.9339778423309326,0.5591825246810913,0.173553004860878,-0.36811769008636475,-2.1257479190826416,-4.012535095214844
133,3,-364.6147766113281,153.3893585205078,5.450564861297607,17.347461700439453,7.709771633148193,10.897797584533691,12.561776161193848,-6.576649188995361,3.0016589164733887,3.678443670272827,0.6820847392082214,1.1707452535629272,-7.620579242706299,-1.9257283210754395,0.6825048923492432,-3.576021432876587,0.6193034648895264,-2.5495471954345703,-4.232457637786865,0.2889339029788971
134,3,-297.8393859863281,226.90223693847656,-23.161357879638672,-10.052488327026367,11.449212074279785,3.064044237136841,10.049131393432617,8.764514923095703,10.431900978088379,11.770689010620117,8.42927074432373,2.175889492034912,-2.8908333778381348,-1.0440505743026733,-0.22394202649593353,-1.1919749975204468,0.3080832362174988,-2.7312498092651367,-9.992876052856445,-7.135990142822266
135,3,-268.37957763671875,206.22848510742188,-55.6009635925293,5.09475040435791,10.832867622375488,8.645249366760254,5.015036106109619,6.708847522735596,9.633296966552734,5.384776592254639,1.5070046186447144,-0.9946507215499878,2.891814947128296,-1.2084189653396606,-7.765326023101807,-4.10605001449585,2.2786524295806885,-1.3230969905853271,-6.355157375335693,-0.6298044323921204
136,3,-261.0192565917969,174.68673706054688,-38.349796295166016,16.60674476623535,-3.2031748294830322,0.6565020680427551,3.520174264907837,-6.420533657073975,-3.739222526550293,-4.101781368255615,-4.566276550292969,-9.544302940368652,-12.407991409301758,-9.207574844360352,0.15811787545681,1.6208393573760986,0.4479571282863617,-1.3876757621765137,1.4450618028640747,4.965263366699219
137,3,-203.65951538085938,176.78282165527344,-29.115440368652344,8.436843872070312,1.0820046663284302,1.5263241529464722,5.020052433013916,-9.449982643127441,-6.830248832702637,-5.143657684326172,-12.41624927520752,-13.439278602600098,-8.960728645324707,-5.258017539978027,-6.462085723876953,-3.077986478805542,-5.004456043243408,-10.64079475402832,-2.9940402507781982,-3.8261239528656006
138,3,-186.6552276611328,209.68789672851562,-46.59836196899414,-5.099433898925781,-20.933502197265625,14.745389938354492,-3.9933419227600098,12.831528663635254,6.810960292816162,-1.3354724645614624,4.242929458618164,-3.8570196628570557,2.370393991470337,-5.423406600952148,-2.3870670795440674,-1.0111432075500488,-4.111021518707275,1.0750787258148193,-1.7334235906600952,-2.0516016483306885
139,3,-286.4922790527344,191.94345092773438,5.870550632476807,-9.679844856262207,4.560888290405273,11.025823593139648,3.489729642868042,9.139081001281738,13.420236587524414,8.14980411529541,7.1793084144592285,-2.0584352016448975,0.6065832376480103,0.14161883294582367,-3.2290427684783936,-0.06014936789870262,-0.9639512896537781,-0.4744427800178528,-4.716744422912598,-5.896556854248047
140,3,-219.80841064453125,192.59127807617188,-15.911170959472656,1.7589417695999146,-7.442501544952393,-5.030527591705322,2.7665040493011475,0.5242523550987244,-1.8359419107437134,-7.922636985778809,-9.640557289123535,-5.683867931365967,2.417724132537842,3.5776560306549072,-2.826768159866333,-11.726017951965332,-12.376839637756348,-5.764482021331787,-2.6791696548461914,-6.904677391052246
141,3,-185.2167510986328,161.03907775878906,-16.067127227783203,-4.7241530418396,-8.408588409423828,-4.1989426612854,0.7309215068817139,-1.6197564601898193,-9.5275239944458,-12.127610206604004,-9.513960838317871,-0.3977179527282715,6.276354789733887,9.837770462036133,8.358567237854004,2.386993408203125,-3.0132839679718018,-6.864344596862793,-11.387393951416016,-9.378206253051758
142,3,-199.124267578125,222.30528259277344,-12.168517112731934,-17.68459129333496,7.429023742675781,5.411032676696777,-5.915228366851807,1.533393144607544,0.487641304731369,-7.852102756500244,-0.7867007255554199,3.231698989868164,1.7854533195495605,-3.7647314071655273,-7.81233024597168,-10.378705978393555,-10.703283309936523,-4.634888172149658,1.2632529735565186,7.144618034362793
143,3,-346.5213317871094,137.43841552734375,6.3149566650390625,0.8682195544242859,-5.016211986541748,-14.43285083770752,-1.1987969875335693,-1.1068025827407837,-10.133871078491211,-2.3330419063568115,6.0417304039001465,-6.300220966339111,-12.357319831848145,-6.628459930419922,-9.954758644104004,-10.208746910095215,-0.532407820224762,-0.7766261696815491,-5.267324447631836,0.2212689369916916
144,3,-274.51007080078125,155.8523712158203,1.2597225904464722,7.008521556854248,-21.264781951904297,-6.081533432006836,0.3431948721408844,17.235958099365234,-2.9908697605133057,-13.489639282226562,-11.928300857543945,-6.414721488952637,-9.929254531860352,-4.939671039581299,-2.2193846702575684,-6.572616100311279,-10.859848976135254,-9.968820571899414,-9.327461242675781,-5.627695083618164
145,3,-199.32936096191406,114.41045379638672,5.48781681060791,21.195663452148438,-6.345734119415283,9.070244789123535,-6.680367469787598,1.9474879503250122,-7.601405143737793,-1.109069585800171,-11.090165138244629,-6.493517875671387,-11.150911331176758,-2.7629921436309814,-7.188669204711914,-4.417254447937012,-10.745257377624512,-7.657871723175049,-9.323758125305176,-5.038684844970703
146,3,-245.4690704345703,189.5388946533203,-29.085031509399414,-4.561446189880371,-2.0424883365631104,10.942740440368652,13.440470695495605,11.102394104003906,3.834207773208618,8.215875625610352,9.01892375946045,7.6570329666137695,-4.354455471038818,0.8419350385665894,-0.2400539666414261,-1.2957673072814941,2.637885093688965,-1.648754596710205,-11.718684196472168,-3.780202627182007
147,3,-275.2539978027344,203.9430694580078,-20.161365509033203,-2.958522319793701,1.8977316617965698,7.082264423370361,7.509256839752197,10.8020658493042,10.254929542541504,10.238768577575684,-0.1929430365562439,7.273673057556152,2.361144781112671,4.1626787185668945,-0.9973440766334534,-0.6610510945320129,1.6014896631240845,-2.682634115219116,-9.75477409362793,-7.1496262550354
148,3,-301.8277893066406,190.13966369628906,-12.138790130615234,-8.618671417236328,13.213295936584473,9.31678581237793,17.58091163635254,16.344778060913086,11.280046463012695,12.85703182220459,9.43444538116455,10.963205337524414,3.7713069915771484,3.7352070808410645,-1.0666254758834839,-2.2818548679351807,1.621995210647583,-2.1871018409729004,-9.669477462768555,-5.1575493812561035
149,3,-201.6131134033203,233.75128173828125,-3.0158090591430664,-14.714387893676758,12.69826602935791,-3.301126003265381,-12.206695556640625,-6.241421699523926,-5.131260395050049,-10.940289497375488,-13.037988662719727,-6.994775772094727,-2.2000789642333984,-8.027775764465332,-13.750391960144043,-13.865943908691406,-11.354994773864746,-8.886728286743164,-8.022372245788574,-4.86978816986084
150,3,-213.23992919921875,231.19435119628906,-25.400936126708984,-9.605131149291992,14.1631498336792,-5.531836986541748,-10.294692039489746,-2.0984771251678467,-2.6891589164733887,-8.784728050231934,-13.858217239379883,-10.256433486938477,-4.485607147216797,-8.363465309143066,-7.1049017906188965,-8.108960151672363,-6.991675853729248,-6.719233512878418,-8.762048721313477,-3.701665163040161
151,3,-190.99520874023438,201.71231079101562,-12.001616477966309,-24.043743133544922,10.405078887939453,-5.6325602531433105,-13.694059371948242,-4.446907043457031,-6.304071426391602,-12.250052452087402,-11.844830513000488,-7.839210510253906,-6.014824390411377,-10.660362243652344,-12.84980297088623,-10.490817070007324,-9.136072158813477,-7.946524620056152,-5.608503818511963,-2.84818696975708
152,3,-406.2855224609375,88.01558685302734,-8.959951400756836,-6.414607524871826,-14.893037796020508,-12.472114562988281,-14.518502235412598,-8.2166748046875,-7.958493709564209,-4.974073886871338,-2.6118862628936768,-4.271644592285156,-1.3012958765029907,-0.37728413939476013,-3.791642665863037,-4.913948059082031,-4.058808326721191,-3.8594608306884766,-3.018336057662964,-4.4470648765563965
153,3,-355.45068359375,152.3966064453125,-7.1167073249816895,-26.15888214111328,-13.253351211547852,-11.453605651855469,-6.972163200378418,0.13921821117401123,1.9250584840774536,0.5924175381660461,-1.094159483909607,-4.642279624938965,-5.390301704406738,-5.034414291381836,-7.504632472991943,-7.089445114135742,-5.117278099060059,-9.592775344848633,-13.717317581176758,-12.189549446105957
154,3,-447.01776123046875,95.95344543457031,-13.537198066711426,-7.4097700119018555,3.1305103302001953,-5.337964057922363,-0.7376380562782288,0.49054253101348877,-4.369013786315918,-6.412459850311279,-3.2956857681274414,-2.5736265182495117,-6.4758124351501465,-8.455914497375488,-9.651335716247559,-10.888082504272461,-9.858424186706543,-8.769678115844727,-8.131998062133789,-6.105722427368164
155,3,-407.2120666503906,133.0620880126953,-41.564208984375,-17.153152465820312,-20.946157455444336,-12.032044410705566,-18.751220703125,-10.513936042785645,-6.754795551300049,-12.527312278747559,-4.013298511505127,-7.72761344909668,-5.356757640838623,-3.5492663383483887,-9.147823333740234,-6.5298261642456055,-3.5374560356140137,-8.488926887512207,-7.05210018157959,-5.418262004852295
156,3,-271.0661926269531,189.55746459960938,-11.726998329162598,-3.5926413536071777,-8.06025505065918,-11.736885070800781,-8.498818397521973,4.077898025512695,-0.5090384483337402,-4.35709810256958,-2.4976508617401123,-6.723731994628906,-6.679452896118164,-9.492772102355957,-9.512978553771973,-8.787016868591309,-12.685721397399902,-8.72201919555664,-4.4872870445251465,-6.552397727966309
157,3,-352.1087341308594,140.27008056640625,7.266358375549316,-14.618886947631836,-7.081593036651611,7.72214412689209,14.577082633972168,-1.8747918605804443,-9.923847198486328,-8.94784164428711,-10.323921203613281,4.0716938972473145,-2.9168810844421387,-10.848145484924316,-8.650203704833984,1.2149449586868286,-1.1807256937026978,5.190516948699951,2.9440362453460693,2.57727313041687
158,3,-352.6102600097656,161.7865447998047,-21.498931884765625,17.262826919555664,1.8220525979995728,-3.093590259552002,2.695420503616333,11.7151517868042,-0.2672892212867737,0.758219838142395,-2.6771230697631836,0.8636434674263,2.0701518058776855,-3.8280882835388184,6.199251174926758,-0.9142273664474487,6.361587047576904,1.9928134679794312,-5.470661640167236,-4.090775012969971
159,3,-222.7842559814453,125.751220703125,-21.465124130249023,13.43013858795166,6.680037498474121,11.46645450592041,-0.1722831279039383,-1.105014681816101,-2.989717721939087,-0.025530822575092316,-7.42811393737793,2.290973663330078,-2.7873382568359375,-4.752450466156006,0.11425603926181793,-10.394320487976074,-2.895810842514038,0.4184468686580658,3.426130771636963,1.5893012285232544
